id,image,CQ,AQ,HQ,VQ,model,prompt_version,raw
1,00001_stitched.jpg,0.51,0.43,0.6,0.02,gpt-4.1-mini,baseline,"{""CQ"":0.51,""AQ"":0.43,""HQ"":0.60,""VQ"":0.02}"
7,00007_stitched.jpg,-0.08,-0.28,0.49,0.1,gpt-4.1-mini,baseline,"{""CQ"":-0.08,""AQ"":-0.28,""HQ"":0.49,""VQ"":0.10}"
10,00010_stitched.jpg,-0.02,0.23,0.25,0.34,gpt-4.1-mini,baseline,"{""CQ"":-0.02,""AQ"":0.23,""HQ"":0.25,""VQ"":0.34}"
16,00016_stitched.jpg,0.07,0.17,0.28,0.05,gpt-4.1-mini,baseline,"{""CQ"":0.07,""AQ"":0.17,""HQ"":0.28,""VQ"":0.05}"
23,00023_stitched.jpg,0.16,-0.0,0.01,0.23,gpt-4.1-mini,baseline,"{""CQ"":0.16,""AQ"":-0.00,""HQ"":0.01,""VQ"":0.23}"
26,00026_stitched.jpg,-0.09,0.03,-0.14,0.13,gpt-4.1-mini,baseline,"{""CQ"":-0.09,""AQ"":0.03,""HQ"":-0.14,""VQ"":0.13}"
31,00031_stitched.jpg,0.05,0.02,0.24,0.04,gpt-4.1-mini,baseline,"{""CQ"":0.05,""AQ"":0.02,""HQ"":0.24,""VQ"":0.04}"
36,00036_stitched.jpg,0.04,0.23,0.13,0.09,gpt-4.1-mini,baseline,"{""CQ"":0.04,""AQ"":0.23,""HQ"":0.13,""VQ"":0.09}"
38,00038_stitched.jpg,0.25,0.08,0.04,0.4,gpt-4.1-mini,baseline,"{""CQ"":0.25,""AQ"":0.08,""HQ"":0.04,""VQ"":0.40}"
40,00040_stitched.jpg,0.22,-0.13,0.05,0.03,gpt-4.1-mini,baseline,"{""CQ"":0.22,""AQ"":-0.13,""HQ"":0.05,""VQ"":0.03}"
43,00043_stitched.jpg,0.2,-0.2,-0.05,0.13,gpt-4.1-mini,baseline,"{""CQ"":0.20,""AQ"":-0.20,""HQ"":-0.05,""VQ"":0.13}"
47,00047_stitched.jpg,-0.17,-0.22,-0.09,0.07,gpt-4.1-mini,baseline,"{""CQ"":-0.17,""AQ"":-0.22,""HQ"":-0.09,""VQ"":0.07}"
50,00050_stitched.jpg,0.19,-0.14,-0.12,-0.02,gpt-4.1-mini,baseline,"{""CQ"":0.19,""AQ"":-0.14,""HQ"":-0.12,""VQ"":-0.02}"
51,00051_stitched.jpg,0.23,0.35,0.17,0.25,gpt-4.1-mini,baseline,"{""CQ"":0.23,""AQ"":0.35,""HQ"":0.17,""VQ"":0.25}"
53,00053_stitched.jpg,0.62,0.34,0.28,-0.0,gpt-4.1-mini,baseline,"{""CQ"":0.62,""AQ"":0.34,""HQ"":0.28,""VQ"":-0.00}"
58,00058_stitched.jpg,0.01,0.0,0.02,0.13,gpt-4.1-mini,baseline,"{""CQ"":0.01,""AQ"":0.00,""HQ"":0.02,""VQ"":0.13}"
63,00063_stitched.jpg,0.12,0.0,0.07,-0.02,gpt-4.1-mini,baseline,"{""CQ"":0.12,""AQ"":0.00,""HQ"":0.07,""VQ"":-0.02}"
67,00067_stitched.jpg,0.33,-0.03,-0.13,-0.05,gpt-4.1-mini,baseline,"{""CQ"":0.33,""AQ"":-0.03,""HQ"":-0.13,""VQ"":-0.05}"
73,00073_stitched.jpg,0.23,0.3,0.14,0.23,gpt-4.1-mini,baseline,"{""CQ"":0.23,""AQ"":0.30,""HQ"":0.14,""VQ"":0.23}"
80,00080_stitched.jpg,0.38,0.37,0.04,0.01,gpt-4.1-mini,baseline,"{""CQ"":0.38,""AQ"":0.37,""HQ"":0.04,""VQ"":0.01}"
86,00086_stitched.jpg,0.05,0.01,0.3,0.13,gpt-4.1-mini,baseline,"{""CQ"":0.05,""AQ"":0.01,""HQ"":0.30,""VQ"":0.13}"
95,00095_stitched.jpg,0.78,0.26,0.18,-0.02,gpt-4.1-mini,baseline,"{""CQ"":0.78,""AQ"":0.26,""HQ"":0.18,""VQ"":-0.02}"
99,00099_stitched.jpg,0.94,0.47,0.03,-0.17,gpt-4.1-mini,baseline,"{""CQ"":0.94,""AQ"":0.47,""HQ"":0.03,""VQ"":-0.17}"
115,00115_stitched.jpg,0.61,-0.36,-0.03,-0.17,gpt-4.1-mini,baseline,"{""CQ"":0.61,""AQ"":-0.36,""HQ"":-0.03,""VQ"":-0.17}"
120,00120_stitched.jpg,0.63,0.22,0.09,-0.23,gpt-4.1-mini,baseline,"{""CQ"":0.63,""AQ"":0.22,""HQ"":0.09,""VQ"":-0.23}"
123,00123_stitched.jpg,0.47,0.49,0.1,-0.1,gpt-4.1-mini,baseline,"{""CQ"":0.47,""AQ"":0.49,""HQ"":0.10,""VQ"":-0.10}"
124,00124_stitched.jpg,0.49,-0.12,0.03,0.08,gpt-4.1-mini,baseline,"{""CQ"":0.49,""AQ"":-0.12,""HQ"":0.03,""VQ"":0.08}"
128,00128_stitched.jpg,0.11,-0.1,-0.04,-0.07,gpt-4.1-mini,baseline,"{""CQ"":0.11,""AQ"":-0.10,""HQ"":-0.04,""VQ"":-0.07}"
133,00133_stitched.jpg,0.2,-0.05,-0.14,0.27,gpt-4.1-mini,baseline,"{""CQ"":0.20,""AQ"":-0.05,""HQ"":-0.14,""VQ"":0.27}"
136,00136_stitched.jpg,0.03,-0.04,0.17,-0.03,gpt-4.1-mini,baseline,"{""CQ"":0.03,""AQ"":-0.04,""HQ"":0.17,""VQ"":-0.03}"
141,00141_stitched.jpg,0.1,0.23,-0.2,0.1,gpt-4.1-mini,baseline,"{""CQ"":0.10,""AQ"":0.23,""HQ"":-0.20,""VQ"":0.10}"
152,00152_stitched.jpg,0.65,0.23,0.02,-0.21,gpt-4.1-mini,baseline,"{""CQ"":0.65,""AQ"":0.23,""HQ"":0.02,""VQ"":-0.21}"
173,00173_stitched.jpg,-0.03,0.32,0.37,0.4,gpt-4.1-mini,baseline,"{""CQ"":-0.03,""AQ"":0.32,""HQ"":0.37,""VQ"":0.40}"
175,00175_stitched.jpg,0.55,0.46,0.05,-0.09,gpt-4.1-mini,baseline,"{""CQ"":0.55,""AQ"":0.46,""HQ"":0.05,""VQ"":-0.09}"
177,00177_stitched.jpg,0.32,0.19,0.22,-0.09,gpt-4.1-mini,baseline,"{""CQ"":0.32,""AQ"":0.19,""HQ"":0.22,""VQ"":-0.09}"
182,00182_stitched.jpg,0.08,0.32,0.06,0.14,gpt-4.1-mini,baseline,"{""CQ"":0.08,""AQ"":0.32,""HQ"":0.06,""VQ"":0.14}"
192,00192_stitched.jpg,0.37,0.46,0.31,0.01,gpt-4.1-mini,baseline,"{""CQ"":0.37,""AQ"":0.46,""HQ"":0.31,""VQ"":0.01}"
199,00199_stitched.jpg,-0.09,0.22,-0.28,0.06,gpt-4.1-mini,baseline,"{""CQ"":-0.09,""AQ"":0.22,""HQ"":-0.28,""VQ"":0.06}"
200,00200_stitched.jpg,-0.06,0.0,0.15,0.18,gpt-4.1-mini,baseline,"{""CQ"":-0.06,""AQ"":0.00,""HQ"":0.15,""VQ"":0.18}"
211,00211_stitched.jpg,0.06,0.18,0.19,0.05,gpt-4.1-mini,baseline,"{""CQ"":0.06,""AQ"":0.18,""HQ"":0.19,""VQ"":0.05}"
225,00225_stitched.jpg,0.24,-0.04,0.25,-0.03,gpt-4.1-mini,baseline,"{""CQ"":0.24,""AQ"":-0.04,""HQ"":0.25,""VQ"":-0.03}"
231,00231_stitched.jpg,0.27,0.87,0.42,0.01,gpt-4.1-mini,baseline,"{""CQ"":0.27,""AQ"":0.87,""HQ"":0.42,""VQ"":0.01}"
247,00247_stitched.jpg,0.83,0.53,0.16,-0.01,gpt-4.1-mini,baseline,"{""CQ"":0.83,""AQ"":0.53,""HQ"":0.16,""VQ"":-0.01}"
262,00262_stitched.jpg,0.27,-0.31,-0.07,0.06,gpt-4.1-mini,baseline,"{""CQ"":0.27,""AQ"":-0.31,""HQ"":-0.07,""VQ"":0.06}"
265,00265_stitched.jpg,0.45,-0.04,-0.01,0.4,gpt-4.1-mini,baseline,"{""CQ"":0.45,""AQ"":-0.04,""HQ"":-0.01,""VQ"":0.40}"
271,00271_stitched.jpg,0.32,0.28,0.21,0.02,gpt-4.1-mini,baseline,"{""CQ"":0.32,""AQ"":0.28,""HQ"":0.21,""VQ"":0.02}"
272,00272_stitched.jpg,0.59,-0.01,0.24,-0.07,gpt-4.1-mini,baseline,"{""CQ"":0.59,""AQ"":-0.01,""HQ"":0.24,""VQ"":-0.07}"
274,00274_stitched.jpg,-0.12,-0.13,0.27,0.5,gpt-4.1-mini,baseline,"{""CQ"":-0.12,""AQ"":-0.13,""HQ"":0.27,""VQ"":0.50}"
277,00277_stitched.jpg,-0.12,0.41,0.46,0.27,gpt-4.1-mini,baseline,"{""CQ"":-0.12,""AQ"":0.41,""HQ"":0.46,""VQ"":0.27}"
279,00279_stitched.jpg,-0.13,-0.01,-0.12,0.39,gpt-4.1-mini,baseline,"{""CQ"":-0.13,""AQ"":-0.01,""HQ"":-0.12,""VQ"":0.39}"
285,00285_stitched.jpg,0.19,0.28,-0.0,0.06,gpt-4.1-mini,baseline,"{""CQ"":0.19,""AQ"":0.28,""HQ"":-0.00,""VQ"":0.06}"
287,00287_stitched.jpg,0.19,0.36,0.39,-0.04,gpt-4.1-mini,baseline,"{""CQ"":0.19,""AQ"":0.36,""HQ"":0.39,""VQ"":-0.04}"
291,00291_stitched.jpg,0.03,0.16,0.03,-0.02,gpt-4.1-mini,baseline,"{""CQ"":0.03,""AQ"":0.16,""HQ"":0.03,""VQ"":-0.02}"
300,00300_stitched.jpg,0.39,0.23,-0.35,-0.02,gpt-4.1-mini,baseline,"{""CQ"":0.39,""AQ"":0.23,""HQ"":-0.35,""VQ"":-0.02}"
303,00303_stitched.jpg,0.36,0.1,0.01,-0.03,gpt-4.1-mini,baseline,"{""CQ"":0.36,""AQ"":0.10,""HQ"":0.01,""VQ"":-0.03}"
311,00311_stitched.jpg,0.43,-0.11,-0.09,-0.07,gpt-4.1-mini,baseline,"{""CQ"":0.43,""AQ"":-0.11,""HQ"":-0.09,""VQ"":-0.07}"
319,00319_stitched.jpg,0.73,0.47,0.59,0.01,gpt-4.1-mini,baseline,"{""CQ"":0.73,""AQ"":0.47,""HQ"":0.59,""VQ"":0.01}"
340,00340_stitched.jpg,0.43,0.23,0.57,-0.13,gpt-4.1-mini,baseline,"{""CQ"":0.43,""AQ"":0.23,""HQ"":0.57,""VQ"":-0.13}"
344,00344_stitched.jpg,-0.04,0.08,0.28,0.08,gpt-4.1-mini,baseline,"{""CQ"":-0.04,""AQ"":0.08,""HQ"":0.28,""VQ"":0.08}"
346,00346_stitched.jpg,-0.05,0.08,0.15,0.08,gpt-4.1-mini,baseline,"{""CQ"":-0.05,""AQ"":0.08,""HQ"":0.15,""VQ"":0.08}"
351,00351_stitched.jpg,0.47,0.08,-0.15,-0.08,gpt-4.1-mini,baseline,"{""CQ"":0.47,""AQ"":0.08,""HQ"":-0.15,""VQ"":-0.08}"
352,00352_stitched.jpg,0.46,0.38,0.01,0.0,gpt-4.1-mini,baseline,"{""CQ"":0.46,""AQ"":0.38,""HQ"":0.01,""VQ"":0.00}"
364,00364_stitched.jpg,0.53,0.1,0.1,-0.12,gpt-4.1-mini,baseline,"{""CQ"":0.53,""AQ"":0.10,""HQ"":0.10,""VQ"":-0.12}"
377,00377_stitched.jpg,0.25,0.09,0.33,-0.03,gpt-4.1-mini,baseline,"{""CQ"":0.25,""AQ"":0.09,""HQ"":0.33,""VQ"":-0.03}"
381,00381_stitched.jpg,0.1,0.2,0.13,-0.14,gpt-4.1-mini,baseline,"{""CQ"":0.10,""AQ"":0.20,""HQ"":0.13,""VQ"":-0.14}"
386,00386_stitched.jpg,-0.22,-0.16,-0.17,0.05,gpt-4.1-mini,baseline,"{""CQ"":-0.22,""AQ"":-0.16,""HQ"":-0.17,""VQ"":0.05}"
394,00394_stitched.jpg,0.13,-0.08,0.2,-0.05,gpt-4.1-mini,baseline,"{""CQ"":0.13,""AQ"":-0.08,""HQ"":0.20,""VQ"":-0.05}"
398,00398_stitched.jpg,0.2,0.3,0.09,-0.03,gpt-4.1-mini,baseline,"{""CQ"":0.20,""AQ"":0.30,""HQ"":0.09,""VQ"":-0.03}"
403,00403_stitched.jpg,0.5,0.94,0.41,-0.07,gpt-4.1-mini,baseline,"{""CQ"":0.50,""AQ"":0.94,""HQ"":0.41,""VQ"":-0.07}"
405,00405_stitched.jpg,0.13,-0.06,-0.05,-0.02,gpt-4.1-mini,baseline,"{""CQ"":0.13,""AQ"":-0.06,""HQ"":-0.05,""VQ"":-0.02}"
411,00411_stitched.jpg,-0.13,-0.06,0.15,-0.1,gpt-4.1-mini,baseline,"{""CQ"":-0.13,""AQ"":-0.06,""HQ"":0.15,""VQ"":-0.10}"
417,00417_stitched.jpg,-0.03,0.13,0.19,0.21,gpt-4.1-mini,baseline,"{""CQ"":-0.03,""AQ"":0.13,""HQ"":0.19,""VQ"":0.21}"
421,00421_stitched.jpg,0.71,0.11,0.26,-0.1,gpt-4.1-mini,baseline,"{""CQ"":0.71,""AQ"":0.11,""HQ"":0.26,""VQ"":-0.10}"
422,00422_stitched.jpg,0.32,0.37,0.31,0.03,gpt-4.1-mini,baseline,"{""CQ"":0.32,""AQ"":0.37,""HQ"":0.31,""VQ"":0.03}"
427,00427_stitched.jpg,0.33,-0.09,0.15,0.09,gpt-4.1-mini,baseline,"{""CQ"":0.33,""AQ"":-0.09,""HQ"":0.15,""VQ"":0.09}"
429,00429_stitched.jpg,0.62,0.16,0.17,-0.12,gpt-4.1-mini,baseline,"{""CQ"":0.62,""AQ"":0.16,""HQ"":0.17,""VQ"":-0.12}"
433,00433_stitched.jpg,-0.08,0.12,0.13,0.13,gpt-4.1-mini,baseline,"{""CQ"":-0.08,""AQ"":0.12,""HQ"":0.13,""VQ"":0.13}"
436,00436_stitched.jpg,0.24,0.15,0.13,0.08,gpt-4.1-mini,baseline,"{""CQ"":0.24,""AQ"":0.15,""HQ"":0.13,""VQ"":0.08}"
440,00440_stitched.jpg,-0.08,-0.01,-0.33,-0.24,gpt-4.1-mini,baseline,"{""CQ"":-0.08,""AQ"":-0.01,""HQ"":-0.33,""VQ"":-0.24}"
445,00445_stitched.jpg,0.29,0.27,0.28,0.03,gpt-4.1-mini,baseline,"{""CQ"":0.29,""AQ"":0.27,""HQ"":0.28,""VQ"":0.03}"
446,00446_stitched.jpg,0.47,0.34,0.36,0.16,gpt-4.1-mini,baseline,"{""CQ"":0.47,""AQ"":0.34,""HQ"":0.36,""VQ"":0.16}"
453,00453_stitched.jpg,0.36,-0.31,-0.29,-0.17,gpt-4.1-mini,baseline,"{""CQ"":0.36,""AQ"":-0.31,""HQ"":-0.29,""VQ"":-0.17}"
464,00464_stitched.jpg,0.23,0.34,0.13,0.2,gpt-4.1-mini,baseline,"{""CQ"":0.23,""AQ"":0.34,""HQ"":0.13,""VQ"":0.20}"
469,00469_stitched.jpg,0.07,0.29,0.07,-0.12,gpt-4.1-mini,baseline,"{""CQ"":0.07,""AQ"":0.29,""HQ"":0.07,""VQ"":-0.12}"
471,00471_stitched.jpg,0.1,0.16,-0.02,0.11,gpt-4.1-mini,baseline,"{""CQ"":0.10,""AQ"":0.16,""HQ"":-0.02,""VQ"":0.11}"
477,00477_stitched.jpg,-0.34,-0.29,-0.07,0.08,gpt-4.1-mini,baseline,"{""CQ"":-0.34,""AQ"":-0.29,""HQ"":-0.07,""VQ"":0.08}"
485,00485_stitched.jpg,0.32,0.2,-0.35,0.05,gpt-4.1-mini,baseline,"{""CQ"":0.32,""AQ"":0.20,""HQ"":-0.35,""VQ"":0.05}"
491,00491_stitched.jpg,-0.1,-0.04,0.02,0.01,gpt-4.1-mini,baseline,"{""CQ"":-0.10,""AQ"":-0.04,""HQ"":0.02,""VQ"":0.01}"
495,00495_stitched.jpg,0.14,0.18,0.01,0.04,gpt-4.1-mini,baseline,"{""CQ"":0.14,""AQ"":0.18,""HQ"":0.01,""VQ"":0.04}"
498,00498_stitched.jpg,0.13,-0.02,-0.21,-0.05,gpt-4.1-mini,baseline,"{""CQ"":0.13,""AQ"":-0.02,""HQ"":-0.21,""VQ"":-0.05}"
501,00501_stitched.jpg,0.46,-0.31,0.09,0.13,gpt-4.1-mini,baseline,"{""CQ"":0.46,""AQ"":-0.31,""HQ"":0.09,""VQ"":0.13}"
507,00507_stitched.jpg,0.31,-0.0,0.2,0.06,gpt-4.1-mini,baseline,"{""CQ"":0.31,""AQ"":-0.00,""HQ"":0.20,""VQ"":0.06}"
514,00514_stitched.jpg,0.33,-0.03,-0.11,0.06,gpt-4.1-mini,baseline,"{""CQ"":0.33,""AQ"":-0.03,""HQ"":-0.11,""VQ"":0.06}"
517,00517_stitched.jpg,0.35,-0.24,-0.05,-0.11,gpt-4.1-mini,baseline,"{""CQ"":0.35,""AQ"":-0.24,""HQ"":-0.05,""VQ"":-0.11}"
519,00519_stitched.jpg,0.45,0.42,0.04,-0.2,gpt-4.1-mini,baseline,"{""CQ"":0.45,""AQ"":0.42,""HQ"":0.04,""VQ"":-0.20}"
524,00524_stitched.jpg,-0.1,-0.16,-0.09,0.01,gpt-4.1-mini,baseline,"{""CQ"":-0.10,""AQ"":-0.16,""HQ"":-0.09,""VQ"":0.01}"
526,00526_stitched.jpg,0.39,-0.32,0.03,-0.01,gpt-4.1-mini,baseline,"{""CQ"":0.39,""AQ"":-0.32,""HQ"":0.03,""VQ"":-0.01}"
530,00530_stitched.jpg,0.18,0.17,0.35,-0.04,gpt-4.1-mini,baseline,"{""CQ"":0.18,""AQ"":0.17,""HQ"":0.35,""VQ"":-0.04}"
554,00554_stitched.jpg,-0.15,0.36,0.42,0.16,gpt-4.1-mini,baseline,"{""CQ"":-0.15,""AQ"":0.36,""HQ"":0.42,""VQ"":0.16}"
559,00559_stitched.jpg,-0.38,-0.37,0.34,0.1,gpt-4.1-mini,baseline,"{""CQ"":-0.38,""AQ"":-0.37,""HQ"":0.34,""VQ"":0.10}"
561,00561_stitched.jpg,0.66,-0.37,-0.1,-0.03,gpt-4.1-mini,baseline,"{""CQ"":0.66,""AQ"":-0.37,""HQ"":-0.10,""VQ"":-0.03}"
562,00562_stitched.jpg,0.18,0.13,0.11,0.41,gpt-4.1-mini,baseline,"{""CQ"":0.18,""AQ"":0.13,""HQ"":0.11,""VQ"":0.41}"
565,00565_stitched.jpg,0.24,0.29,0.3,0.12,gpt-4.1-mini,baseline,"{""CQ"":0.24,""AQ"":0.29,""HQ"":0.30,""VQ"":0.12}"
569,00569_stitched.jpg,0.69,0.05,0.32,0.05,gpt-4.1-mini,baseline,"{""CQ"":0.69,""AQ"":0.05,""HQ"":0.32,""VQ"":0.05}"
573,00573_stitched.jpg,-0.11,0.22,0.14,0.39,gpt-4.1-mini,baseline,"{""CQ"":-0.11,""AQ"":0.22,""HQ"":0.14,""VQ"":0.39}"
576,00576_stitched.jpg,-0.09,0.31,0.5,-0.04,gpt-4.1-mini,baseline,"{""CQ"":-0.09,""AQ"":0.31,""HQ"":0.50,""VQ"":-0.04}"
580,00580_stitched.jpg,0.04,0.25,0.07,0.15,gpt-4.1-mini,baseline,"{""CQ"":0.04,""AQ"":0.25,""HQ"":0.07,""VQ"":0.15}"
595,00595_stitched.jpg,0.05,0.17,0.13,-0.06,gpt-4.1-mini,baseline,"{""CQ"":0.05,""AQ"":0.17,""HQ"":0.13,""VQ"":-0.06}"
597,00597_stitched.jpg,0.21,0.71,-0.03,-0.12,gpt-4.1-mini,baseline,"{""CQ"":0.21,""AQ"":0.71,""HQ"":-0.03,""VQ"":-0.12}"
601,00601_stitched.jpg,0.4,0.14,-0.09,0.09,gpt-4.1-mini,baseline,"{""CQ"":0.40,""AQ"":0.14,""HQ"":-0.09,""VQ"":0.09}"
604,00604_stitched.jpg,0.58,0.1,0.11,-0.22,gpt-4.1-mini,baseline,"{""CQ"":0.58,""AQ"":0.10,""HQ"":0.11,""VQ"":-0.22}"
607,00607_stitched.jpg,0.27,0.14,0.1,0.08,gpt-4.1-mini,baseline,"{""CQ"":0.27,""AQ"":0.14,""HQ"":0.10,""VQ"":0.08}"
609,00609_stitched.jpg,0.52,0.18,0.22,-0.11,gpt-4.1-mini,baseline,"{""CQ"":0.52,""AQ"":0.18,""HQ"":0.22,""VQ"":-0.11}"
614,00614_stitched.jpg,0.12,0.23,0.1,0.05,gpt-4.1-mini,baseline,"{""CQ"":0.12,""AQ"":0.23,""HQ"":0.10,""VQ"":0.05}"
620,00620_stitched.jpg,0.28,0.18,0.1,0.07,gpt-4.1-mini,baseline,"{""CQ"":0.28,""AQ"":0.18,""HQ"":0.10,""VQ"":0.07}"
626,00626_stitched.jpg,0.01,-0.19,0.6,0.34,gpt-4.1-mini,baseline,"{""CQ"":0.01,""AQ"":-0.19,""HQ"":0.60,""VQ"":0.34}"
627,00627_stitched.jpg,0.1,0.07,0.18,0.18,gpt-4.1-mini,baseline,"{""CQ"":0.10,""AQ"":0.07,""HQ"":0.18,""VQ"":0.18}"
628,00628_stitched.jpg,0.36,-0.01,0.25,-0.01,gpt-4.1-mini,baseline,"{""CQ"":0.36,""AQ"":-0.01,""HQ"":0.25,""VQ"":-0.01}"
633,00633_stitched.jpg,0.21,-0.07,0.14,-0.17,gpt-4.1-mini,baseline,"{""CQ"":0.21,""AQ"":-0.07,""HQ"":0.14,""VQ"":-0.17}"
637,00637_stitched.jpg,0.15,0.01,-0.1,0.03,gpt-4.1-mini,baseline,"{""CQ"":0.15,""AQ"":0.01,""HQ"":-0.10,""VQ"":0.03}"
638,00638_stitched.jpg,0.37,0.18,0.24,-0.07,gpt-4.1-mini,baseline,"{""CQ"":0.37,""AQ"":0.18,""HQ"":0.24,""VQ"":-0.07}"
643,00643_stitched.jpg,0.24,0.01,0.12,-0.02,gpt-4.1-mini,baseline,"{""CQ"":0.24,""AQ"":0.01,""HQ"":0.12,""VQ"":-0.02}"
645,00645_stitched.jpg,0.32,0.0,0.14,-0.01,gpt-4.1-mini,baseline,"{""CQ"":0.32,""AQ"":0.00,""HQ"":0.14,""VQ"":-0.01}"
646,00646_stitched.jpg,-0.08,0.05,-0.13,0.43,gpt-4.1-mini,baseline,"{""CQ"":-0.08,""AQ"":0.05,""HQ"":-0.13,""VQ"":0.43}"
651,00651_stitched.jpg,0.37,0.32,0.08,-0.17,gpt-4.1-mini,baseline,"{""CQ"":0.37,""AQ"":0.32,""HQ"":0.08,""VQ"":-0.17}"
658,00658_stitched.jpg,-0.05,-0.07,0.2,0.26,gpt-4.1-mini,baseline,"{""CQ"":-0.05,""AQ"":-0.07,""HQ"":0.20,""VQ"":0.26}"
661,00661_stitched.jpg,0.03,0.34,0.14,-0.04,gpt-4.1-mini,baseline,"{""CQ"":0.03,""AQ"":0.34,""HQ"":0.14,""VQ"":-0.04}"
663,00663_stitched.jpg,0.29,0.52,0.9,0.21,gpt-4.1-mini,baseline,"{""CQ"":0.29,""AQ"":0.52,""HQ"":0.90,""VQ"":0.21}"
668,00668_stitched.jpg,0.46,0.19,0.25,-0.16,gpt-4.1-mini,baseline,"{""CQ"":0.46,""AQ"":0.19,""HQ"":0.25,""VQ"":-0.16}"
670,00670_stitched.jpg,0.06,0.06,0.18,0.01,gpt-4.1-mini,baseline,"{""CQ"":0.06,""AQ"":0.06,""HQ"":0.18,""VQ"":0.01}"
675,00675_stitched.jpg,0.24,0.09,0.14,-0.02,gpt-4.1-mini,baseline,"{""CQ"":0.24,""AQ"":0.09,""HQ"":0.14,""VQ"":-0.02}"
679,00679_stitched.jpg,0.27,0.15,0.1,-0.01,gpt-4.1-mini,baseline,"{""CQ"":0.27,""AQ"":0.15,""HQ"":0.10,""VQ"":-0.01}"
685,00685_stitched.jpg,0.12,0.22,0.2,0.03,gpt-4.1-mini,baseline,"{""CQ"":0.12,""AQ"":0.22,""HQ"":0.20,""VQ"":0.03}"
688,00688_stitched.jpg,-0.12,0.13,0.3,0.07,gpt-4.1-mini,baseline,"{""CQ"":-0.12,""AQ"":0.13,""HQ"":0.30,""VQ"":0.07}"
693,00693_stitched.jpg,0.79,0.36,0.2,-0.1,gpt-4.1-mini,baseline,"{""CQ"":0.79,""AQ"":0.36,""HQ"":0.20,""VQ"":-0.10}"
697,00697_stitched.jpg,0.24,0.01,0.32,0.03,gpt-4.1-mini,baseline,"{""CQ"":0.24,""AQ"":0.01,""HQ"":0.32,""VQ"":0.03}"
699,00699_stitched.jpg,0.38,0.22,0.04,0.19,gpt-4.1-mini,baseline,"{""CQ"":0.38,""AQ"":0.22,""HQ"":0.04,""VQ"":0.19}"
712,00712_stitched.jpg,0.17,-0.4,-0.1,0.16,gpt-4.1-mini,baseline,"{""CQ"":0.17,""AQ"":-0.40,""HQ"":-0.10,""VQ"":0.16}"
716,00716_stitched.jpg,0.15,-0.12,0.13,-0.07,gpt-4.1-mini,baseline,"{""CQ"":0.15,""AQ"":-0.12,""HQ"":0.13,""VQ"":-0.07}"
721,00721_stitched.jpg,0.44,0.05,-0.04,-0.12,gpt-4.1-mini,baseline,"{""CQ"":0.44,""AQ"":0.05,""HQ"":-0.04,""VQ"":-0.12}"
724,00724_stitched.jpg,0.35,0.3,0.26,-0.05,gpt-4.1-mini,baseline,"{""CQ"":0.35,""AQ"":0.30,""HQ"":0.26,""VQ"":-0.05}"
729,00729_stitched.jpg,0.0,0.43,-0.07,0.07,gpt-4.1-mini,baseline,"{""CQ"":0.00,""AQ"":0.43,""HQ"":-0.07,""VQ"":0.07}"
733,00733_stitched.jpg,0.68,0.6,0.68,-0.2,gpt-4.1-mini,baseline,"{""CQ"":0.68,""AQ"":0.60,""HQ"":0.68,""VQ"":-0.20}"
736,00736_stitched.jpg,0.03,0.48,-0.03,-0.08,gpt-4.1-mini,baseline,"{""CQ"":0.03,""AQ"":0.48,""HQ"":-0.03,""VQ"":-0.08}"
741,00741_stitched.jpg,-0.01,-0.04,0.29,0.43,gpt-4.1-mini,baseline,"{""CQ"":-0.01,""AQ"":-0.04,""HQ"":0.29,""VQ"":0.43}"
742,00742_stitched.jpg,0.2,0.36,0.11,0.33,gpt-4.1-mini,baseline,"{""CQ"":0.20,""AQ"":0.36,""HQ"":0.11,""VQ"":0.33}"
748,00748_stitched.jpg,0.22,-0.17,0.06,0.17,gpt-4.1-mini,baseline,"{""CQ"":0.22,""AQ"":-0.17,""HQ"":0.06,""VQ"":0.17}"
757,00757_stitched.jpg,0.41,-0.06,-0.12,-0.11,gpt-4.1-mini,baseline,"{""CQ"":0.41,""AQ"":-0.06,""HQ"":-0.12,""VQ"":-0.11}"
760,00760_stitched.jpg,0.51,0.09,0.02,-0.14,gpt-4.1-mini,baseline,"{""CQ"":0.51,""AQ"":0.09,""HQ"":0.02,""VQ"":-0.14}"
763,00763_stitched.jpg,0.44,0.15,0.23,-0.03,gpt-4.1-mini,baseline,"{""CQ"":0.44,""AQ"":0.15,""HQ"":0.23,""VQ"":-0.03}"
778,00778_stitched.jpg,0.69,0.1,0.1,-0.16,gpt-4.1-mini,baseline,"{""CQ"":0.69,""AQ"":0.10,""HQ"":0.10,""VQ"":-0.16}"
790,00790_stitched.jpg,0.24,0.33,0.07,0.01,gpt-4.1-mini,baseline,"{""CQ"":0.24,""AQ"":0.33,""HQ"":0.07,""VQ"":0.01}"
796,00796_stitched.jpg,0.29,0.06,0.18,0.11,gpt-4.1-mini,baseline,"{""CQ"":0.29,""AQ"":0.06,""HQ"":0.18,""VQ"":0.11}"
797,00797_stitched.jpg,0.13,0.02,0.38,-0.22,gpt-4.1-mini,baseline,"{""CQ"":0.13,""AQ"":0.02,""HQ"":0.38,""VQ"":-0.22}"
801,00801_stitched.jpg,0.23,0.03,0.29,-0.04,gpt-4.1-mini,baseline,"{""CQ"":0.23,""AQ"":0.03,""HQ"":0.29,""VQ"":-0.04}"
808,00808_stitched.jpg,-0.02,0.06,0.14,0.01,gpt-4.1-mini,baseline,"{""CQ"":-0.02,""AQ"":0.06,""HQ"":0.14,""VQ"":0.01}"
823,00823_stitched.jpg,0.42,0.14,0.05,-0.08,gpt-4.1-mini,baseline,"{""CQ"":0.42,""AQ"":0.14,""HQ"":0.05,""VQ"":-0.08}"
834,00834_stitched.jpg,0.24,-0.08,0.17,-0.01,gpt-4.1-mini,baseline,"{""CQ"":0.24,""AQ"":-0.08,""HQ"":0.17,""VQ"":-0.01}"
841,00841_stitched.jpg,0.74,0.63,0.3,-0.13,gpt-4.1-mini,baseline,"{""CQ"":0.74,""AQ"":0.63,""HQ"":0.30,""VQ"":-0.13}"
848,00848_stitched.jpg,0.56,0.07,0.22,-0.08,gpt-4.1-mini,baseline,"{""CQ"":0.56,""AQ"":0.07,""HQ"":0.22,""VQ"":-0.08}"
853,00853_stitched.jpg,0.2,0.04,0.25,-0.05,gpt-4.1-mini,baseline,"{""CQ"":0.20,""AQ"":0.04,""HQ"":0.25,""VQ"":-0.05}"
860,00860_stitched.jpg,0.23,0.19,0.2,-0.02,gpt-4.1-mini,baseline,"{""CQ"":0.23,""AQ"":0.19,""HQ"":0.20,""VQ"":-0.02}"
866,00866_stitched.jpg,0.22,-0.09,-0.11,-0.1,gpt-4.1-mini,baseline,"{""CQ"":0.22,""AQ"":-0.09,""HQ"":-0.11,""VQ"":-0.10}"
878,00878_stitched.jpg,0.21,0.03,-0.31,0.1,gpt-4.1-mini,baseline,"{""CQ"":0.21,""AQ"":0.03,""HQ"":-0.31,""VQ"":0.10}"
879,00879_stitched.jpg,-0.17,0.51,0.23,0.07,gpt-4.1-mini,baseline,"{""CQ"":-0.17,""AQ"":0.51,""HQ"":0.23,""VQ"":0.07}"
881,00881_stitched.jpg,0.25,0.11,0.04,0.07,gpt-4.1-mini,baseline,"{""CQ"":0.25,""AQ"":0.11,""HQ"":0.04,""VQ"":0.07}"
889,00889_stitched.jpg,0.49,-0.3,-0.14,-0.12,gpt-4.1-mini,baseline,"{""CQ"":0.49,""AQ"":-0.30,""HQ"":-0.14,""VQ"":-0.12}"
891,00891_stitched.jpg,0.56,-0.0,-0.04,-0.16,gpt-4.1-mini,baseline,"{""CQ"":0.56,""AQ"":-0.00,""HQ"":-0.04,""VQ"":-0.16}"
898,00898_stitched.jpg,0.68,0.66,0.03,-0.04,gpt-4.1-mini,baseline,"{""CQ"":0.68,""AQ"":0.66,""HQ"":0.03,""VQ"":-0.04}"
902,00902_stitched.jpg,0.22,0.08,0.28,-0.04,gpt-4.1-mini,baseline,"{""CQ"":0.22,""AQ"":0.08,""HQ"":0.28,""VQ"":-0.04}"
915,00915_stitched.jpg,0.43,-0.0,0.18,-0.05,gpt-4.1-mini,baseline,"{""CQ"":0.43,""AQ"":-0.00,""HQ"":0.18,""VQ"":-0.05}"
922,00922_stitched.jpg,-0.0,-0.04,-0.18,0.02,gpt-4.1-mini,baseline,"{""CQ"":-0.00,""AQ"":-0.04,""HQ"":-0.18,""VQ"":0.02}"
938,00938_stitched.jpg,0.16,-0.11,-0.12,0.04,gpt-4.1-mini,baseline,"{""CQ"":0.16,""AQ"":-0.11,""HQ"":-0.12,""VQ"":0.04}"
940,00940_stitched.jpg,0.42,0.25,-0.32,0.0,gpt-4.1-mini,baseline,"{""CQ"":0.42,""AQ"":0.25,""HQ"":-0.32,""VQ"":0.00}"
943,00943_stitched.jpg,0.18,0.14,-0.01,-0.03,gpt-4.1-mini,baseline,"{""CQ"":0.18,""AQ"":0.14,""HQ"":-0.01,""VQ"":-0.03}"
946,00946_stitched.jpg,0.51,0.54,0.26,-0.04,gpt-4.1-mini,baseline,"{""CQ"":0.51,""AQ"":0.54,""HQ"":0.26,""VQ"":-0.04}"
949,00949_stitched.jpg,0.24,0.1,0.0,0.01,gpt-4.1-mini,baseline,"{""CQ"":0.24,""AQ"":0.10,""HQ"":0.00,""VQ"":0.01}"
956,00956_stitched.jpg,-0.1,0.51,-0.04,-0.08,gpt-4.1-mini,baseline,"{""CQ"":-0.10,""AQ"":0.51,""HQ"":-0.04,""VQ"":-0.08}"
958,00958_stitched.jpg,-0.01,0.1,0.33,0.02,gpt-4.1-mini,baseline,"{""CQ"":-0.01,""AQ"":0.10,""HQ"":0.33,""VQ"":0.02}"
969,00969_stitched.jpg,0.64,0.54,0.35,-0.18,gpt-4.1-mini,baseline,"{""CQ"":0.64,""AQ"":0.54,""HQ"":0.35,""VQ"":-0.18}"
970,00970_stitched.jpg,-0.36,0.58,0.48,0.25,gpt-4.1-mini,baseline,"{""CQ"":-0.36,""AQ"":0.58,""HQ"":0.48,""VQ"":0.25}"
980,00980_stitched.jpg,-0.11,-0.17,0.01,0.14,gpt-4.1-mini,baseline,"{""CQ"":-0.11,""AQ"":-0.17,""HQ"":0.01,""VQ"":0.14}"
984,00984_stitched.jpg,0.28,-0.0,0.26,-0.04,gpt-4.1-mini,baseline,"{""CQ"":0.28,""AQ"":-0.00,""HQ"":0.26,""VQ"":-0.04}"
995,00995_stitched.jpg,0.26,-0.11,-0.07,0.09,gpt-4.1-mini,baseline,"{""CQ"":0.26,""AQ"":-0.11,""HQ"":-0.07,""VQ"":0.09}"
1005,01005_stitched.jpg,0.51,0.45,0.24,0.07,gpt-4.1-mini,baseline,"{""CQ"":0.51,""AQ"":0.45,""HQ"":0.24,""VQ"":0.07}"
1011,01011_stitched.jpg,0.45,0.47,0.19,-0.03,gpt-4.1-mini,baseline,"{""CQ"":0.45,""AQ"":0.47,""HQ"":0.19,""VQ"":-0.03}"
1016,01016_stitched.jpg,-0.15,0.37,0.29,0.37,gpt-4.1-mini,baseline,"{""CQ"":-0.15,""AQ"":0.37,""HQ"":0.29,""VQ"":0.37}"
1018,01018_stitched.jpg,0.19,0.01,-0.06,0.11,gpt-4.1-mini,baseline,"{""CQ"":0.19,""AQ"":0.01,""HQ"":-0.06,""VQ"":0.11}"
1020,01020_stitched.jpg,0.15,0.12,0.04,-0.07,gpt-4.1-mini,baseline,"{""CQ"":0.15,""AQ"":0.12,""HQ"":0.04,""VQ"":-0.07}"
1030,01030_stitched.jpg,0.25,0.11,0.03,0.0,gpt-4.1-mini,baseline,"{""CQ"":0.25,""AQ"":0.11,""HQ"":0.03,""VQ"":0.00}"
1032,01032_stitched.jpg,0.26,-0.06,-0.03,-0.01,gpt-4.1-mini,baseline,"{""CQ"":0.26,""AQ"":-0.06,""HQ"":-0.03,""VQ"":-0.01}"
1033,01033_stitched.jpg,0.0,-0.17,-0.1,-0.02,gpt-4.1-mini,baseline,"{""CQ"":0.00,""AQ"":-0.17,""HQ"":-0.10,""VQ"":-0.02}"
1036,01036_stitched.jpg,0.02,-0.18,-0.14,-0.12,gpt-4.1-mini,baseline,"{""CQ"":0.02,""AQ"":-0.18,""HQ"":-0.14,""VQ"":-0.12}"
1045,01045_stitched.jpg,0.53,-0.28,-0.11,-0.11,gpt-4.1-mini,baseline,"{""CQ"":0.53,""AQ"":-0.28,""HQ"":-0.11,""VQ"":-0.11}"
1046,01046_stitched.jpg,0.18,-0.05,-0.05,0.02,gpt-4.1-mini,baseline,"{""CQ"":0.18,""AQ"":-0.05,""HQ"":-0.05,""VQ"":0.02}"
1051,01051_stitched.jpg,0.48,0.07,0.31,0.35,gpt-4.1-mini,baseline,"{""CQ"":0.48,""AQ"":0.07,""HQ"":0.31,""VQ"":0.35}"
1052,01052_stitched.jpg,0.36,0.11,0.25,0.16,gpt-4.1-mini,baseline,"{""CQ"":0.36,""AQ"":0.11,""HQ"":0.25,""VQ"":0.16}"
1064,01064_stitched.jpg,0.05,-0.17,0.02,0.12,gpt-4.1-mini,baseline,"{""CQ"":0.05,""AQ"":-0.17,""HQ"":0.02,""VQ"":0.12}"
1072,01072_stitched.jpg,0.27,0.02,0.09,-0.0,gpt-4.1-mini,baseline,"{""CQ"":0.27,""AQ"":0.02,""HQ"":0.09,""VQ"":-0.00}"
1075,01075_stitched.jpg,0.23,0.71,0.0,0.17,gpt-4.1-mini,baseline,"{""CQ"":0.23,""AQ"":0.71,""HQ"":0.00,""VQ"":0.17}"
1095,01095_stitched.jpg,0.08,0.02,0.08,0.02,gpt-4.1-mini,baseline,"{""CQ"":0.08,""AQ"":0.02,""HQ"":0.08,""VQ"":0.02}"
1101,01101_stitched.jpg,0.44,0.48,0.4,0.06,gpt-4.1-mini,baseline,"{""CQ"":0.44,""AQ"":0.48,""HQ"":0.40,""VQ"":0.06}"
1103,01103_stitched.jpg,0.1,-0.16,-0.11,0.0,gpt-4.1-mini,baseline,"{""CQ"":0.10,""AQ"":-0.16,""HQ"":-0.11,""VQ"":0.00}"
1123,01123_stitched.jpg,0.43,0.05,-0.03,-0.17,gpt-4.1-mini,baseline,"{""CQ"":0.43,""AQ"":0.05,""HQ"":-0.03,""VQ"":-0.17}"
1126,01126_stitched.jpg,0.24,-0.02,0.04,-0.12,gpt-4.1-mini,baseline,"{""CQ"":0.24,""AQ"":-0.02,""HQ"":0.04,""VQ"":-0.12}"
1143,01143_stitched.jpg,0.29,0.12,-0.37,0.0,gpt-4.1-mini,baseline,"{""CQ"":0.29,""AQ"":0.12,""HQ"":-0.37,""VQ"":0.00}"
1151,01151_stitched.jpg,0.47,0.12,0.17,-0.01,gpt-4.1-mini,baseline,"{""CQ"":0.47,""AQ"":0.12,""HQ"":0.17,""VQ"":-0.01}"
1156,01156_stitched.jpg,0.17,0.18,0.19,0.0,gpt-4.1-mini,baseline,"{""CQ"":0.17,""AQ"":0.18,""HQ"":0.19,""VQ"":0.00}"
1177,01177_stitched.jpg,0.25,0.16,0.04,0.13,gpt-4.1-mini,baseline,"{""CQ"":0.25,""AQ"":0.16,""HQ"":0.04,""VQ"":0.13}"
1179,01179_stitched.jpg,0.15,0.77,0.52,0.09,gpt-4.1-mini,baseline,"{""CQ"":0.15,""AQ"":0.77,""HQ"":0.52,""VQ"":0.09}"
1183,01183_stitched.jpg,-0.09,0.47,0.19,0.16,gpt-4.1-mini,baseline,"{""CQ"":-0.09,""AQ"":0.47,""HQ"":0.19,""VQ"":0.16}"
1186,01186_stitched.jpg,0.23,0.18,0.04,0.12,gpt-4.1-mini,baseline,"{""CQ"":0.23,""AQ"":0.18,""HQ"":0.04,""VQ"":0.12}"
1196,01196_stitched.jpg,0.3,0.15,0.39,0.11,gpt-4.1-mini,baseline,"{""CQ"":0.30,""AQ"":0.15,""HQ"":0.39,""VQ"":0.11}"
1202,01202_stitched.jpg,0.32,0.2,0.09,-0.09,gpt-4.1-mini,baseline,"{""CQ"":0.32,""AQ"":0.20,""HQ"":0.09,""VQ"":-0.09}"
1206,01206_stitched.jpg,0.04,0.55,0.13,0.36,gpt-4.1-mini,baseline,"{""CQ"":0.04,""AQ"":0.55,""HQ"":0.13,""VQ"":0.36}"
1208,01208_stitched.jpg,0.04,0.22,0.29,0.28,gpt-4.1-mini,baseline,"{""CQ"":0.04,""AQ"":0.22,""HQ"":0.29,""VQ"":0.28}"
1212,01212_stitched.jpg,0.04,0.27,0.32,0.13,gpt-4.1-mini,baseline,"{""CQ"":0.04,""AQ"":0.27,""HQ"":0.32,""VQ"":0.13}"
1215,01215_stitched.jpg,0.19,-0.07,0.16,-0.11,gpt-4.1-mini,baseline,"{""CQ"":0.19,""AQ"":-0.07,""HQ"":0.16,""VQ"":-0.11}"
1220,01220_stitched.jpg,-0.37,-0.05,0.35,0.14,gpt-4.1-mini,baseline,"{""CQ"":-0.37,""AQ"":-0.05,""HQ"":0.35,""VQ"":0.14}"
1231,01231_stitched.jpg,0.33,0.49,0.46,0.03,gpt-4.1-mini,baseline,"{""CQ"":0.33,""AQ"":0.49,""HQ"":0.46,""VQ"":0.03}"
1234,01234_stitched.jpg,0.33,0.1,0.29,-0.05,gpt-4.1-mini,baseline,"{""CQ"":0.33,""AQ"":0.10,""HQ"":0.29,""VQ"":-0.05}"
1249,01249_stitched.jpg,0.44,0.27,0.2,0.04,gpt-4.1-mini,baseline,"{""CQ"":0.44,""AQ"":0.27,""HQ"":0.20,""VQ"":0.04}"
1256,01256_stitched.jpg,0.65,0.45,0.23,0.07,gpt-4.1-mini,baseline,"{""CQ"":0.65,""AQ"":0.45,""HQ"":0.23,""VQ"":0.07}"
1272,01272_stitched.jpg,0.14,-0.07,-0.1,-0.03,gpt-4.1-mini,baseline,"{""CQ"":0.14,""AQ"":-0.07,""HQ"":-0.10,""VQ"":-0.03}"
1282,01282_stitched.jpg,0.24,-0.07,0.02,-0.01,gpt-4.1-mini,baseline,"{""CQ"":0.24,""AQ"":-0.07,""HQ"":0.02,""VQ"":-0.01}"
1290,01290_stitched.jpg,0.23,0.28,0.18,0.1,gpt-4.1-mini,baseline,"{""CQ"":0.23,""AQ"":0.28,""HQ"":0.18,""VQ"":0.10}"
1293,01293_stitched.jpg,0.23,0.17,0.24,0.27,gpt-4.1-mini,baseline,"{""CQ"":0.23,""AQ"":0.17,""HQ"":0.24,""VQ"":0.27}"
1298,01298_stitched.jpg,0.38,0.3,0.16,0.07,gpt-4.1-mini,baseline,"{""CQ"":0.38,""AQ"":0.30,""HQ"":0.16,""VQ"":0.07}"
1306,01306_stitched.jpg,0.35,0.33,0.37,-0.0,gpt-4.1-mini,baseline,"{""CQ"":0.35,""AQ"":0.33,""HQ"":0.37,""VQ"":-0.00}"
1318,01318_stitched.jpg,0.09,0.58,0.17,-0.03,gpt-4.1-mini,baseline,"{""CQ"":0.09,""AQ"":0.58,""HQ"":0.17,""VQ"":-0.03}"
1325,01325_stitched.jpg,0.29,-0.06,-0.03,-0.02,gpt-4.1-mini,baseline,"{""CQ"":0.29,""AQ"":-0.06,""HQ"":-0.03,""VQ"":-0.02}"
1328,01328_stitched.jpg,0.3,0.39,0.29,0.05,gpt-4.1-mini,baseline,"{""CQ"":0.30,""AQ"":0.39,""HQ"":0.29,""VQ"":0.05}"
1330,01330_stitched.jpg,0.75,0.62,0.28,0.0,gpt-4.1-mini,baseline,"{""CQ"":0.75,""AQ"":0.62,""HQ"":0.28,""VQ"":0.00}"
1333,01333_stitched.jpg,0.08,0.08,-0.07,0.19,gpt-4.1-mini,baseline,"{""CQ"":0.08,""AQ"":0.08,""HQ"":-0.07,""VQ"":0.19}"
1336,01336_stitched.jpg,0.23,0.24,0.41,0.02,gpt-4.1-mini,baseline,"{""CQ"":0.23,""AQ"":0.24,""HQ"":0.41,""VQ"":0.02}"
1340,01340_stitched.jpg,0.3,0.1,0.11,-0.09,gpt-4.1-mini,baseline,"{""CQ"":0.30,""AQ"":0.10,""HQ"":0.11,""VQ"":-0.09}"
1343,01343_stitched.jpg,0.06,0.38,0.06,0.3,gpt-4.1-mini,baseline,"{""CQ"":0.06,""AQ"":0.38,""HQ"":0.06,""VQ"":0.30}"
1351,01351_stitched.jpg,0.04,0.29,0.26,0.05,gpt-4.1-mini,baseline,"{""CQ"":0.04,""AQ"":0.29,""HQ"":0.26,""VQ"":0.05}"
1352,01352_stitched.jpg,-0.21,-0.04,-0.14,-0.08,gpt-4.1-mini,baseline,"{""CQ"":-0.21,""AQ"":-0.04,""HQ"":-0.14,""VQ"":-0.08}"
1353,01353_stitched.jpg,0.06,0.3,0.03,0.03,gpt-4.1-mini,baseline,"{""CQ"":0.06,""AQ"":0.30,""HQ"":0.03,""VQ"":0.03}"
1358,01358_stitched.jpg,0.08,0.35,0.43,-0.14,gpt-4.1-mini,baseline,"{""CQ"":0.08,""AQ"":0.35,""HQ"":0.43,""VQ"":-0.14}"
1369,01369_stitched.jpg,0.5,0.26,-0.18,-0.24,gpt-4.1-mini,baseline,"{""CQ"":0.50,""AQ"":0.26,""HQ"":-0.18,""VQ"":-0.24}"
1370,01370_stitched.jpg,-0.05,0.14,-0.35,-0.01,gpt-4.1-mini,baseline,"{""CQ"":-0.05,""AQ"":0.14,""HQ"":-0.35,""VQ"":-0.01}"
1373,01373_stitched.jpg,0.18,-0.14,0.3,-0.05,gpt-4.1-mini,baseline,"{""CQ"":0.18,""AQ"":-0.14,""HQ"":0.30,""VQ"":-0.05}"
1376,01376_stitched.jpg,0.36,0.19,0.22,0.06,gpt-4.1-mini,baseline,"{""CQ"":0.36,""AQ"":0.19,""HQ"":0.22,""VQ"":0.06}"
1383,01383_stitched.jpg,0.26,-0.14,0.27,0.19,gpt-4.1-mini,baseline,"{""CQ"":0.26,""AQ"":-0.14,""HQ"":0.27,""VQ"":0.19}"
1384,01384_stitched.jpg,0.44,-0.25,-0.09,-0.09,gpt-4.1-mini,baseline,"{""CQ"":0.44,""AQ"":-0.25,""HQ"":-0.09,""VQ"":-0.09}"
1385,01385_stitched.jpg,0.04,0.48,0.38,0.15,gpt-4.1-mini,baseline,"{""CQ"":0.04,""AQ"":0.48,""HQ"":0.38,""VQ"":0.15}"
1392,01392_stitched.jpg,0.45,0.51,0.13,0.45,gpt-4.1-mini,baseline,"{""CQ"":0.45,""AQ"":0.51,""HQ"":0.13,""VQ"":0.45}"
1395,01395_stitched.jpg,0.08,0.43,0.2,0.17,gpt-4.1-mini,baseline,"{""CQ"":0.08,""AQ"":0.43,""HQ"":0.20,""VQ"":0.17}"
1399,01399_stitched.jpg,0.03,0.18,0.44,0.2,gpt-4.1-mini,baseline,"{""CQ"":0.03,""AQ"":0.18,""HQ"":0.44,""VQ"":0.20}"
1405,01405_stitched.jpg,-0.35,0.34,0.53,0.28,gpt-4.1-mini,baseline,"{""CQ"":-0.35,""AQ"":0.34,""HQ"":0.53,""VQ"":0.28}"
1414,01414_stitched.jpg,0.12,0.18,0.12,0.0,gpt-4.1-mini,baseline,"{""CQ"":0.12,""AQ"":0.18,""HQ"":0.12,""VQ"":0.00}"
1419,01419_stitched.jpg,0.43,0.25,0.16,0.05,gpt-4.1-mini,baseline,"{""CQ"":0.43,""AQ"":0.25,""HQ"":0.16,""VQ"":0.05}"
1422,01422_stitched.jpg,0.39,0.01,0.13,0.04,gpt-4.1-mini,baseline,"{""CQ"":0.39,""AQ"":0.01,""HQ"":0.13,""VQ"":0.04}"
1424,01424_stitched.jpg,0.17,0.11,0.12,0.11,gpt-4.1-mini,baseline,"{""CQ"":0.17,""AQ"":0.11,""HQ"":0.12,""VQ"":0.11}"
1425,01425_stitched.jpg,-0.33,0.39,0.38,0.11,gpt-4.1-mini,baseline,"{""CQ"":-0.33,""AQ"":0.39,""HQ"":0.38,""VQ"":0.11}"
1429,01429_stitched.jpg,-0.04,0.12,-0.04,0.31,gpt-4.1-mini,baseline,"{""CQ"":-0.04,""AQ"":0.12,""HQ"":-0.04,""VQ"":0.31}"
1433,01433_stitched.jpg,0.17,-0.32,-0.05,-0.13,gpt-4.1-mini,baseline,"{""CQ"":0.17,""AQ"":-0.32,""HQ"":-0.05,""VQ"":-0.13}"
1438,01438_stitched.jpg,0.24,0.06,0.06,0.09,gpt-4.1-mini,baseline,"{""CQ"":0.24,""AQ"":0.06,""HQ"":0.06,""VQ"":0.09}"
1445,01445_stitched.jpg,0.04,0.14,0.3,0.2,gpt-4.1-mini,baseline,"{""CQ"":0.04,""AQ"":0.14,""HQ"":0.30,""VQ"":0.20}"
1448,01448_stitched.jpg,0.02,0.07,0.21,0.36,gpt-4.1-mini,baseline,"{""CQ"":0.02,""AQ"":0.07,""HQ"":0.21,""VQ"":0.36}"
1461,01461_stitched.jpg,-0.08,-0.17,-0.25,0.08,gpt-4.1-mini,baseline,"{""CQ"":-0.08,""AQ"":-0.17,""HQ"":-0.25,""VQ"":0.08}"
1464,01464_stitched.jpg,0.61,0.36,0.09,-0.16,gpt-4.1-mini,baseline,"{""CQ"":0.61,""AQ"":0.36,""HQ"":0.09,""VQ"":-0.16}"
1466,01466_stitched.jpg,0.1,0.51,0.27,0.04,gpt-4.1-mini,baseline,"{""CQ"":0.10,""AQ"":0.51,""HQ"":0.27,""VQ"":0.04}"
1473,01473_stitched.jpg,0.62,0.47,0.32,0.07,gpt-4.1-mini,baseline,"{""CQ"":0.62,""AQ"":0.47,""HQ"":0.32,""VQ"":0.07}"
1480,01480_stitched.jpg,0.13,0.16,0.25,0.13,gpt-4.1-mini,baseline,"{""CQ"":0.13,""AQ"":0.16,""HQ"":0.25,""VQ"":0.13}"
1487,01487_stitched.jpg,0.46,0.12,0.17,-0.12,gpt-4.1-mini,baseline,"{""CQ"":0.46,""AQ"":0.12,""HQ"":0.17,""VQ"":-0.12}"
1495,01495_stitched.jpg,0.3,0.69,0.48,0.24,gpt-4.1-mini,baseline,"{""CQ"":0.30,""AQ"":0.69,""HQ"":0.48,""VQ"":0.24}"
1501,01501_stitched.jpg,0.34,0.29,0.23,0.04,gpt-4.1-mini,baseline,"{""CQ"":0.34,""AQ"":0.29,""HQ"":0.23,""VQ"":0.04}"
1508,01508_stitched.jpg,0.16,-0.21,-0.04,0.14,gpt-4.1-mini,baseline,"{""CQ"":0.16,""AQ"":-0.21,""HQ"":-0.04,""VQ"":0.14}"
1513,01513_stitched.jpg,0.02,0.16,0.06,0.11,gpt-4.1-mini,baseline,"{""CQ"":0.02,""AQ"":0.16,""HQ"":0.06,""VQ"":0.11}"
1515,01515_stitched.jpg,0.58,0.15,0.18,-0.1,gpt-4.1-mini,baseline,"{""CQ"":0.58,""AQ"":0.15,""HQ"":0.18,""VQ"":-0.10}"
1519,01519_stitched.jpg,0.11,0.0,-0.09,0.08,gpt-4.1-mini,baseline,"{""CQ"":0.11,""AQ"":0.00,""HQ"":-0.09,""VQ"":0.08}"
1527,01527_stitched.jpg,-0.02,0.55,0.79,0.15,gpt-4.1-mini,baseline,"{""CQ"":-0.02,""AQ"":0.55,""HQ"":0.79,""VQ"":0.15}"
1531,01531_stitched.jpg,0.04,-0.1,-0.19,0.37,gpt-4.1-mini,baseline,"{""CQ"":0.04,""AQ"":-0.10,""HQ"":-0.19,""VQ"":0.37}"
1541,01541_stitched.jpg,0.22,0.02,0.32,0.46,gpt-4.1-mini,baseline,"{""CQ"":0.22,""AQ"":0.02,""HQ"":0.32,""VQ"":0.46}"
1546,01546_stitched.jpg,0.1,-0.13,0.03,0.08,gpt-4.1-mini,baseline,"{""CQ"":0.10,""AQ"":-0.13,""HQ"":0.03,""VQ"":0.08}"
1549,01549_stitched.jpg,0.04,0.5,0.53,0.24,gpt-4.1-mini,baseline,"{""CQ"":0.04,""AQ"":0.50,""HQ"":0.53,""VQ"":0.24}"
1550,01550_stitched.jpg,0.09,-0.07,0.05,-0.04,gpt-4.1-mini,baseline,"{""CQ"":0.09,""AQ"":-0.07,""HQ"":0.05,""VQ"":-0.04}"
1552,01552_stitched.jpg,0.18,0.2,0.09,0.21,gpt-4.1-mini,baseline,"{""CQ"":0.18,""AQ"":0.20,""HQ"":0.09,""VQ"":0.21}"
1557,01557_stitched.jpg,0.58,0.46,0.39,0.12,gpt-4.1-mini,baseline,"{""CQ"":0.58,""AQ"":0.46,""HQ"":0.39,""VQ"":0.12}"
1562,01562_stitched.jpg,-0.09,0.9,0.34,0.15,gpt-4.1-mini,baseline,"{""CQ"":-0.09,""AQ"":0.90,""HQ"":0.34,""VQ"":0.15}"
1567,01567_stitched.jpg,-0.02,0.17,0.07,0.16,gpt-4.1-mini,baseline,"{""CQ"":-0.02,""AQ"":0.17,""HQ"":0.07,""VQ"":0.16}"
1568,01568_stitched.jpg,0.12,0.25,0.28,0.36,gpt-4.1-mini,baseline,"{""CQ"":0.12,""AQ"":0.25,""HQ"":0.28,""VQ"":0.36}"
1578,01578_stitched.jpg,0.46,0.29,0.33,0.12,gpt-4.1-mini,baseline,"{""CQ"":0.46,""AQ"":0.29,""HQ"":0.33,""VQ"":0.12}"
1582,01582_stitched.jpg,0.58,0.26,0.38,-0.02,gpt-4.1-mini,baseline,"{""CQ"":0.58,""AQ"":0.26,""HQ"":0.38,""VQ"":-0.02}"
1585,01585_stitched.jpg,0.02,0.29,0.25,0.16,gpt-4.1-mini,baseline,"{""CQ"":0.02,""AQ"":0.29,""HQ"":0.25,""VQ"":0.16}"
1586,01586_stitched.jpg,-0.01,0.1,0.43,0.19,gpt-4.1-mini,baseline,"{""CQ"":-0.01,""AQ"":0.10,""HQ"":0.43,""VQ"":0.19}"
1596,01596_stitched.jpg,0.26,0.14,0.2,-0.1,gpt-4.1-mini,baseline,"{""CQ"":0.26,""AQ"":0.14,""HQ"":0.20,""VQ"":-0.10}"
1600,01600_stitched.jpg,0.12,-0.18,0.32,-0.1,gpt-4.1-mini,baseline,"{""CQ"":0.12,""AQ"":-0.18,""HQ"":0.32,""VQ"":-0.10}"
1604,01604_stitched.jpg,0.14,0.33,0.53,0.17,gpt-4.1-mini,baseline,"{""CQ"":0.14,""AQ"":0.33,""HQ"":0.53,""VQ"":0.17}"
1606,01606_stitched.jpg,0.23,0.22,0.13,0.04,gpt-4.1-mini,baseline,"{""CQ"":0.23,""AQ"":0.22,""HQ"":0.13,""VQ"":0.04}"
1616,01616_stitched.jpg,0.56,0.45,0.43,0.01,gpt-4.1-mini,baseline,"{""CQ"":0.56,""AQ"":0.45,""HQ"":0.43,""VQ"":0.01}"
1627,01627_stitched.jpg,0.68,0.15,-0.05,0.02,gpt-4.1-mini,baseline,"{""CQ"":0.68,""AQ"":0.15,""HQ"":-0.05,""VQ"":0.02}"
1628,01628_stitched.jpg,0.65,0.09,0.29,-0.09,gpt-4.1-mini,baseline,"{""CQ"":0.65,""AQ"":0.09,""HQ"":0.29,""VQ"":-0.09}"
1630,01630_stitched.jpg,0.49,0.43,0.51,0.09,gpt-4.1-mini,baseline,"{""CQ"":0.49,""AQ"":0.43,""HQ"":0.51,""VQ"":0.09}"
1636,01636_stitched.jpg,0.22,-0.05,0.07,0.05,gpt-4.1-mini,baseline,"{""CQ"":0.22,""AQ"":-0.05,""HQ"":0.07,""VQ"":0.05}"
1642,01642_stitched.jpg,-0.11,-0.05,-0.13,0.41,gpt-4.1-mini,baseline,"{""CQ"":-0.11,""AQ"":-0.05,""HQ"":-0.13,""VQ"":0.41}"
1643,01643_stitched.jpg,0.09,0.06,0.09,0.11,gpt-4.1-mini,baseline,"{""CQ"":0.09,""AQ"":0.06,""HQ"":0.09,""VQ"":0.11}"
1665,01665_stitched.jpg,0.32,0.74,0.27,0.06,gpt-4.1-mini,baseline,"{""CQ"":0.32,""AQ"":0.74,""HQ"":0.27,""VQ"":0.06}"
1669,01669_stitched.jpg,0.42,-0.0,0.1,-0.03,gpt-4.1-mini,baseline,"{""CQ"":0.42,""AQ"":-0.00,""HQ"":0.10,""VQ"":-0.03}"
1676,01676_stitched.jpg,0.41,0.31,-0.2,0.12,gpt-4.1-mini,baseline,"{""CQ"":0.41,""AQ"":0.31,""HQ"":-0.20,""VQ"":0.12}"
1678,01678_stitched.jpg,0.11,0.0,-0.2,-0.13,gpt-4.1-mini,baseline,"{""CQ"":0.11,""AQ"":0.00,""HQ"":-0.20,""VQ"":-0.13}"
1680,01680_stitched.jpg,0.64,-0.09,0.24,-0.03,gpt-4.1-mini,baseline,"{""CQ"":0.64,""AQ"":-0.09,""HQ"":0.24,""VQ"":-0.03}"
1684,01684_stitched.jpg,0.11,0.53,0.04,-0.05,gpt-4.1-mini,baseline,"{""CQ"":0.11,""AQ"":0.53,""HQ"":0.04,""VQ"":-0.05}"
1686,01686_stitched.jpg,0.22,0.29,0.39,-0.07,gpt-4.1-mini,baseline,"{""CQ"":0.22,""AQ"":0.29,""HQ"":0.39,""VQ"":-0.07}"
1688,01688_stitched.jpg,0.09,0.04,-0.05,0.02,gpt-4.1-mini,baseline,"{""CQ"":0.09,""AQ"":0.04,""HQ"":-0.05,""VQ"":0.02}"
1694,01694_stitched.jpg,-0.01,0.34,0.3,-0.05,gpt-4.1-mini,baseline,"{""CQ"":-0.01,""AQ"":0.34,""HQ"":0.30,""VQ"":-0.05}"
1695,01695_stitched.jpg,0.26,0.05,0.13,0.03,gpt-4.1-mini,baseline,"{""CQ"":0.26,""AQ"":0.05,""HQ"":0.13,""VQ"":0.03}"
1870,01870_stitched.jpg,0.11,0.4,0.22,-0.04,gpt-4.1-mini,baseline,"{""CQ"":0.11,""AQ"":0.40,""HQ"":0.22,""VQ"":-0.04}"
1874,01874_stitched.jpg,0.13,-0.12,0.26,0.05,gpt-4.1-mini,baseline,"{""CQ"":0.13,""AQ"":-0.12,""HQ"":0.26,""VQ"":0.05}"
1875,01875_stitched.jpg,0.08,-0.04,0.08,0.14,gpt-4.1-mini,baseline,"{""CQ"":0.08,""AQ"":-0.04,""HQ"":0.08,""VQ"":0.14}"
1882,01882_stitched.jpg,0.15,0.29,0.3,0.03,gpt-4.1-mini,baseline,"{""CQ"":0.15,""AQ"":0.29,""HQ"":0.30,""VQ"":0.03}"
1899,01899_stitched.jpg,0.15,0.42,0.65,0.01,gpt-4.1-mini,baseline,"{""CQ"":0.15,""AQ"":0.42,""HQ"":0.65,""VQ"":0.01}"
1900,01900_stitched.jpg,0.22,-0.16,0.27,-0.05,gpt-4.1-mini,baseline,"{""CQ"":0.22,""AQ"":-0.16,""HQ"":0.27,""VQ"":-0.05}"
1901,01901_stitched.jpg,0.06,0.07,0.14,0.09,gpt-4.1-mini,baseline,"{""CQ"":0.06,""AQ"":0.07,""HQ"":0.14,""VQ"":0.09}"
1905,01905_stitched.jpg,0.17,-0.07,-0.05,0.07,gpt-4.1-mini,baseline,"{""CQ"":0.17,""AQ"":-0.07,""HQ"":-0.05,""VQ"":0.07}"
1932,01932_stitched.jpg,0.06,0.01,0.16,0.07,gpt-4.1-mini,baseline,"{""CQ"":0.06,""AQ"":0.01,""HQ"":0.16,""VQ"":0.07}"
2253,02253_stitched.jpg,-0.13,-0.38,0.03,0.02,gpt-4.1-mini,baseline,"{""CQ"":-0.13,""AQ"":-0.38,""HQ"":0.03,""VQ"":0.02}"
2260,02260_stitched.jpg,0.3,0.07,-0.03,-0.03,gpt-4.1-mini,baseline,"{""CQ"":0.30,""AQ"":0.07,""HQ"":-0.03,""VQ"":-0.03}"
2266,02266_stitched.jpg,0.22,0.12,0.29,-0.02,gpt-4.1-mini,baseline,"{""CQ"":0.22,""AQ"":0.12,""HQ"":0.29,""VQ"":-0.02}"
2276,02276_stitched.jpg,0.33,0.49,0.38,0.24,gpt-4.1-mini,baseline,"{""CQ"":0.33,""AQ"":0.49,""HQ"":0.38,""VQ"":0.24}"
2288,02288_stitched.jpg,0.07,0.35,0.1,0.21,gpt-4.1-mini,baseline,"{""CQ"":0.07,""AQ"":0.35,""HQ"":0.10,""VQ"":0.21}"
2296,02296_stitched.jpg,-0.34,0.38,0.56,0.24,gpt-4.1-mini,baseline,"{""CQ"":-0.34,""AQ"":0.38,""HQ"":0.56,""VQ"":0.24}"
2301,02301_stitched.jpg,0.13,0.14,0.04,-0.02,gpt-4.1-mini,baseline,"{""CQ"":0.13,""AQ"":0.14,""HQ"":0.04,""VQ"":-0.02}"
2305,02305_stitched.jpg,0.62,-0.1,-0.07,0.03,gpt-4.1-mini,baseline,"{""CQ"":0.62,""AQ"":-0.10,""HQ"":-0.07,""VQ"":0.03}"
2309,02309_stitched.jpg,0.41,0.25,-0.04,-0.06,gpt-4.1-mini,baseline,"{""CQ"":0.41,""AQ"":0.25,""HQ"":-0.04,""VQ"":-0.06}"
2316,02316_stitched.jpg,-0.07,0.3,0.5,0.34,gpt-4.1-mini,baseline,"{""CQ"":-0.07,""AQ"":0.30,""HQ"":0.50,""VQ"":0.34}"
2320,02320_stitched.jpg,0.02,-0.12,-0.18,0.15,gpt-4.1-mini,baseline,"{""CQ"":0.02,""AQ"":-0.12,""HQ"":-0.18,""VQ"":0.15}"
2324,02324_stitched.jpg,0.48,-0.09,-0.03,-0.01,gpt-4.1-mini,baseline,"{""CQ"":0.48,""AQ"":-0.09,""HQ"":-0.03,""VQ"":-0.01}"
2326,02326_stitched.jpg,0.06,-0.19,0.23,-0.02,gpt-4.1-mini,baseline,"{""CQ"":0.06,""AQ"":-0.19,""HQ"":0.23,""VQ"":-0.02}"
2330,02330_stitched.jpg,0.13,-0.01,0.35,0.17,gpt-4.1-mini,baseline,"{""CQ"":0.13,""AQ"":-0.01,""HQ"":0.35,""VQ"":0.17}"
2333,02333_stitched.jpg,-0.02,0.17,0.23,0.09,gpt-4.1-mini,baseline,"{""CQ"":-0.02,""AQ"":0.17,""HQ"":0.23,""VQ"":0.09}"
2345,02345_stitched.jpg,0.55,0.11,0.02,-0.13,gpt-4.1-mini,baseline,"{""CQ"":0.55,""AQ"":0.11,""HQ"":0.02,""VQ"":-0.13}"
2356,02356_stitched.jpg,0.34,0.13,0.24,-0.01,gpt-4.1-mini,baseline,"{""CQ"":0.34,""AQ"":0.13,""HQ"":0.24,""VQ"":-0.01}"
2360,02360_stitched.jpg,0.54,-0.15,0.04,-0.12,gpt-4.1-mini,baseline,"{""CQ"":0.54,""AQ"":-0.15,""HQ"":0.04,""VQ"":-0.12}"
2362,02362_stitched.jpg,0.56,0.11,-0.02,-0.2,gpt-4.1-mini,baseline,"{""CQ"":0.56,""AQ"":0.11,""HQ"":-0.02,""VQ"":-0.20}"
2367,02367_stitched.jpg,0.32,0.44,0.07,-0.03,gpt-4.1-mini,baseline,"{""CQ"":0.32,""AQ"":0.44,""HQ"":0.07,""VQ"":-0.03}"
2377,02377_stitched.jpg,-0.27,0.28,0.41,0.05,gpt-4.1-mini,baseline,"{""CQ"":-0.27,""AQ"":0.28,""HQ"":0.41,""VQ"":0.05}"
2415,02415_stitched.jpg,0.18,0.22,0.42,0.08,gpt-4.1-mini,baseline,"{""CQ"":0.18,""AQ"":0.22,""HQ"":0.42,""VQ"":0.08}"
2416,02416_stitched.jpg,0.04,0.49,0.52,0.21,gpt-4.1-mini,baseline,"{""CQ"":0.04,""AQ"":0.49,""HQ"":0.52,""VQ"":0.21}"
2448,02448_stitched.jpg,0.22,0.59,0.23,0.22,gpt-4.1-mini,baseline,"{""CQ"":0.22,""AQ"":0.59,""HQ"":0.23,""VQ"":0.22}"
2452,02452_stitched.jpg,-0.01,0.12,0.38,0.25,gpt-4.1-mini,baseline,"{""CQ"":-0.01,""AQ"":0.12,""HQ"":0.38,""VQ"":0.25}"
2456,02456_stitched.jpg,0.21,0.24,0.0,0.1,gpt-4.1-mini,baseline,"{""CQ"":0.21,""AQ"":0.24,""HQ"":0.00,""VQ"":0.10}"
2462,02462_stitched.jpg,0.28,0.23,0.33,0.09,gpt-4.1-mini,baseline,"{""CQ"":0.28,""AQ"":0.23,""HQ"":0.33,""VQ"":0.09}"
2468,02468_stitched.jpg,0.38,0.4,0.41,0.17,gpt-4.1-mini,baseline,"{""CQ"":0.38,""AQ"":0.40,""HQ"":0.41,""VQ"":0.17}"
2471,02471_stitched.jpg,0.14,0.51,0.54,0.11,gpt-4.1-mini,baseline,"{""CQ"":0.14,""AQ"":0.51,""HQ"":0.54,""VQ"":0.11}"
2472,02472_stitched.jpg,0.11,0.16,0.29,0.14,gpt-4.1-mini,baseline,"{""CQ"":0.11,""AQ"":0.16,""HQ"":0.29,""VQ"":0.14}"
2477,02477_stitched.jpg,0.14,0.07,0.31,0.08,gpt-4.1-mini,baseline,"{""CQ"":0.14,""AQ"":0.07,""HQ"":0.31,""VQ"":0.08}"
2479,02479_stitched.jpg,0.22,0.2,0.4,0.07,gpt-4.1-mini,baseline,"{""CQ"":0.22,""AQ"":0.20,""HQ"":0.40,""VQ"":0.07}"
2481,02481_stitched.jpg,0.27,0.39,0.61,0.08,gpt-4.1-mini,baseline,"{""CQ"":0.27,""AQ"":0.39,""HQ"":0.61,""VQ"":0.08}"
2484,02484_stitched.jpg,0.53,0.57,-0.29,-0.05,gpt-4.1-mini,baseline,"{""CQ"":0.53,""AQ"":0.57,""HQ"":-0.29,""VQ"":-0.05}"
2491,02491_stitched.jpg,0.21,0.01,-0.08,-0.03,gpt-4.1-mini,baseline,"{""CQ"":0.21,""AQ"":0.01,""HQ"":-0.08,""VQ"":-0.03}"
2494,02494_stitched.jpg,-0.19,-0.13,-0.03,0.19,gpt-4.1-mini,baseline,"{""CQ"":-0.19,""AQ"":-0.13,""HQ"":-0.03,""VQ"":0.19}"
2508,02508_stitched.jpg,-0.04,0.45,0.12,0.31,gpt-4.1-mini,baseline,"{""CQ"":-0.04,""AQ"":0.45,""HQ"":0.12,""VQ"":0.31}"
2511,02511_stitched.jpg,-0.31,0.13,0.28,0.15,gpt-4.1-mini,baseline,"{""CQ"":-0.31,""AQ"":0.13,""HQ"":0.28,""VQ"":0.15}"
2515,02515_stitched.jpg,0.09,0.25,0.02,0.29,gpt-4.1-mini,baseline,"{""CQ"":0.09,""AQ"":0.25,""HQ"":0.02,""VQ"":0.29}"
2517,02517_stitched.jpg,-0.06,-0.07,0.08,0.09,gpt-4.1-mini,baseline,"{""CQ"":-0.06,""AQ"":-0.07,""HQ"":0.08,""VQ"":0.09}"
2519,02519_stitched.jpg,-0.06,-0.04,0.09,-0.08,gpt-4.1-mini,baseline,"{""CQ"":-0.06,""AQ"":-0.04,""HQ"":0.09,""VQ"":-0.08}"
2522,02522_stitched.jpg,-0.02,0.06,0.11,0.46,gpt-4.1-mini,baseline,"{""CQ"":-0.02,""AQ"":0.06,""HQ"":0.11,""VQ"":0.46}"
2528,02528_stitched.jpg,0.3,0.18,0.12,0.13,gpt-4.1-mini,baseline,"{""CQ"":0.30,""AQ"":0.18,""HQ"":0.12,""VQ"":0.13}"
2533,02533_stitched.jpg,0.05,-0.09,-0.03,0.09,gpt-4.1-mini,baseline,"{""CQ"":0.05,""AQ"":-0.09,""HQ"":-0.03,""VQ"":0.09}"
2535,02535_stitched.jpg,-0.08,0.05,0.25,0.38,gpt-4.1-mini,baseline,"{""CQ"":-0.08,""AQ"":0.05,""HQ"":0.25,""VQ"":0.38}"
2540,02540_stitched.jpg,-0.06,0.39,0.14,0.32,gpt-4.1-mini,baseline,"{""CQ"":-0.06,""AQ"":0.39,""HQ"":0.14,""VQ"":0.32}"
2542,02542_stitched.jpg,0.03,-0.02,0.1,0.33,gpt-4.1-mini,baseline,"{""CQ"":0.03,""AQ"":-0.02,""HQ"":0.10,""VQ"":0.33}"
2545,02545_stitched.jpg,-0.31,0.23,0.22,0.35,gpt-4.1-mini,baseline,"{""CQ"":-0.31,""AQ"":0.23,""HQ"":0.22,""VQ"":0.35}"
2548,02548_stitched.jpg,0.08,0.32,0.11,0.15,gpt-4.1-mini,baseline,"{""CQ"":0.08,""AQ"":0.32,""HQ"":0.11,""VQ"":0.15}"
2552,02552_stitched.jpg,0.22,0.33,0.17,-0.07,gpt-4.1-mini,baseline,"{""CQ"":0.22,""AQ"":0.33,""HQ"":0.17,""VQ"":-0.07}"
2554,02554_stitched.jpg,-0.01,0.06,-0.08,0.14,gpt-4.1-mini,baseline,"{""CQ"":-0.01,""AQ"":0.06,""HQ"":-0.08,""VQ"":0.14}"
2559,02559_stitched.jpg,0.04,0.01,0.03,-0.0,gpt-4.1-mini,baseline,"{""CQ"":0.04,""AQ"":0.01,""HQ"":0.03,""VQ"":-0.00}"
2563,02563_stitched.jpg,0.21,0.35,0.07,0.03,gpt-4.1-mini,baseline,"{""CQ"":0.21,""AQ"":0.35,""HQ"":0.07,""VQ"":0.03}"
2576,02576_stitched.jpg,0.19,0.01,0.39,-0.09,gpt-4.1-mini,baseline,"{""CQ"":0.19,""AQ"":0.01,""HQ"":0.39,""VQ"":-0.09}"
2581,02581_stitched.jpg,0.22,0.3,0.13,0.18,gpt-4.1-mini,baseline,"{""CQ"":0.22,""AQ"":0.30,""HQ"":0.13,""VQ"":0.18}"
2584,02584_stitched.jpg,-0.04,0.17,0.08,0.4,gpt-4.1-mini,baseline,"{""CQ"":-0.04,""AQ"":0.17,""HQ"":0.08,""VQ"":0.40}"
2593,02593_stitched.jpg,-0.0,-0.31,-0.11,-0.05,gpt-4.1-mini,baseline,"{""CQ"":-0.00,""AQ"":-0.31,""HQ"":-0.11,""VQ"":-0.05}"
2598,02598_stitched.jpg,0.37,-0.25,-0.19,-0.11,gpt-4.1-mini,baseline,"{""CQ"":0.37,""AQ"":-0.25,""HQ"":-0.19,""VQ"":-0.11}"
2606,02606_stitched.jpg,0.03,-0.13,0.11,0.12,gpt-4.1-mini,baseline,"{""CQ"":0.03,""AQ"":-0.13,""HQ"":0.11,""VQ"":0.12}"
2611,02611_stitched.jpg,-0.11,-0.07,0.17,0.18,gpt-4.1-mini,baseline,"{""CQ"":-0.11,""AQ"":-0.07,""HQ"":0.17,""VQ"":0.18}"
2614,02614_stitched.jpg,0.02,-0.12,-0.29,0.07,gpt-4.1-mini,baseline,"{""CQ"":0.02,""AQ"":-0.12,""HQ"":-0.29,""VQ"":0.07}"
2623,02623_stitched.jpg,0.13,-0.01,0.31,0.12,gpt-4.1-mini,baseline,"{""CQ"":0.13,""AQ"":-0.01,""HQ"":0.31,""VQ"":0.12}"
2629,02629_stitched.jpg,-0.12,-0.25,0.28,0.32,gpt-4.1-mini,baseline,"{""CQ"":-0.12,""AQ"":-0.25,""HQ"":0.28,""VQ"":0.32}"
2631,02631_stitched.jpg,0.21,0.13,-0.14,-0.03,gpt-4.1-mini,baseline,"{""CQ"":0.21,""AQ"":0.13,""HQ"":-0.14,""VQ"":-0.03}"
2644,02644_stitched.jpg,0.17,-0.09,0.47,0.08,gpt-4.1-mini,baseline,"{""CQ"":0.17,""AQ"":-0.09,""HQ"":0.47,""VQ"":0.08}"
2647,02647_stitched.jpg,0.08,0.11,0.57,0.14,gpt-4.1-mini,baseline,"{""CQ"":0.08,""AQ"":0.11,""HQ"":0.57,""VQ"":0.14}"
2650,02650_stitched.jpg,-0.04,0.19,0.26,0.14,gpt-4.1-mini,baseline,"{""CQ"":-0.04,""AQ"":0.19,""HQ"":0.26,""VQ"":0.14}"
2654,02654_stitched.jpg,0.26,0.47,0.24,0.17,gpt-4.1-mini,baseline,"{""CQ"":0.26,""AQ"":0.47,""HQ"":0.24,""VQ"":0.17}"
2665,02665_stitched.jpg,-0.33,0.05,0.26,0.21,gpt-4.1-mini,baseline,"{""CQ"":-0.33,""AQ"":0.05,""HQ"":0.26,""VQ"":0.21}"
2667,02667_stitched.jpg,-0.05,0.06,0.5,0.29,gpt-4.1-mini,baseline,"{""CQ"":-0.05,""AQ"":0.06,""HQ"":0.50,""VQ"":0.29}"
2671,02671_stitched.jpg,-0.19,0.14,0.43,0.23,gpt-4.1-mini,baseline,"{""CQ"":-0.19,""AQ"":0.14,""HQ"":0.43,""VQ"":0.23}"
2677,02677_stitched.jpg,0.17,0.16,-0.05,-0.01,gpt-4.1-mini,baseline,"{""CQ"":0.17,""AQ"":0.16,""HQ"":-0.05,""VQ"":-0.01}"
2683,02683_stitched.jpg,0.3,0.29,0.15,0.09,gpt-4.1-mini,baseline,"{""CQ"":0.30,""AQ"":0.29,""HQ"":0.15,""VQ"":0.09}"
2684,02684_stitched.jpg,-0.08,0.55,0.7,0.33,gpt-4.1-mini,baseline,"{""CQ"":-0.08,""AQ"":0.55,""HQ"":0.70,""VQ"":0.33}"
2687,02687_stitched.jpg,-0.04,-0.27,-0.05,0.01,gpt-4.1-mini,baseline,"{""CQ"":-0.04,""AQ"":-0.27,""HQ"":-0.05,""VQ"":0.01}"
2695,02695_stitched.jpg,-0.09,-0.07,-0.16,0.07,gpt-4.1-mini,baseline,"{""CQ"":-0.09,""AQ"":-0.07,""HQ"":-0.16,""VQ"":0.07}"
2698,02698_stitched.jpg,0.1,-0.15,-0.17,0.03,gpt-4.1-mini,baseline,"{""CQ"":0.10,""AQ"":-0.15,""HQ"":-0.17,""VQ"":0.03}"
2702,02702_stitched.jpg,-0.33,0.46,0.31,0.27,gpt-4.1-mini,baseline,"{""CQ"":-0.33,""AQ"":0.46,""HQ"":0.31,""VQ"":0.27}"
2709,02709_stitched.jpg,-0.08,0.64,0.31,0.41,gpt-4.1-mini,baseline,"{""CQ"":-0.08,""AQ"":0.64,""HQ"":0.31,""VQ"":0.41}"
2715,02715_stitched.jpg,0.08,0.07,0.12,0.1,gpt-4.1-mini,baseline,"{""CQ"":0.08,""AQ"":0.07,""HQ"":0.12,""VQ"":0.10}"
2720,02720_stitched.jpg,0.17,-0.02,0.15,-0.02,gpt-4.1-mini,baseline,"{""CQ"":0.17,""AQ"":-0.02,""HQ"":0.15,""VQ"":-0.02}"
2726,02726_stitched.jpg,0.18,-0.05,-0.06,0.01,gpt-4.1-mini,baseline,"{""CQ"":0.18,""AQ"":-0.05,""HQ"":-0.06,""VQ"":0.01}"
2732,02732_stitched.jpg,-0.02,0.05,-0.03,0.07,gpt-4.1-mini,baseline,"{""CQ"":-0.02,""AQ"":0.05,""HQ"":-0.03,""VQ"":0.07}"
2734,02734_stitched.jpg,0.04,0.04,0.23,0.04,gpt-4.1-mini,baseline,"{""CQ"":0.04,""AQ"":0.04,""HQ"":0.23,""VQ"":0.04}"
2737,02737_stitched.jpg,0.31,0.7,0.22,0.03,gpt-4.1-mini,baseline,"{""CQ"":0.31,""AQ"":0.70,""HQ"":0.22,""VQ"":0.03}"
2742,02742_stitched.jpg,0.34,0.23,0.21,-0.02,gpt-4.1-mini,baseline,"{""CQ"":0.34,""AQ"":0.23,""HQ"":0.21,""VQ"":-0.02}"
2747,02747_stitched.jpg,0.08,0.22,0.23,-0.0,gpt-4.1-mini,baseline,"{""CQ"":0.08,""AQ"":0.22,""HQ"":0.23,""VQ"":-0.00}"
2757,02757_stitched.jpg,0.04,-0.08,-0.02,-0.05,gpt-4.1-mini,baseline,"{""CQ"":0.04,""AQ"":-0.08,""HQ"":-0.02,""VQ"":-0.05}"
2764,02764_stitched.jpg,0.01,0.2,0.16,0.11,gpt-4.1-mini,baseline,"{""CQ"":0.01,""AQ"":0.20,""HQ"":0.16,""VQ"":0.11}"
2767,02767_stitched.jpg,-0.06,0.16,0.09,0.29,gpt-4.1-mini,baseline,"{""CQ"":-0.06,""AQ"":0.16,""HQ"":0.09,""VQ"":0.29}"
2770,02770_stitched.jpg,0.3,-0.16,-0.08,0.13,gpt-4.1-mini,baseline,"{""CQ"":0.30,""AQ"":-0.16,""HQ"":-0.08,""VQ"":0.13}"
2772,02772_stitched.jpg,0.12,-0.11,0.17,0.2,gpt-4.1-mini,baseline,"{""CQ"":0.12,""AQ"":-0.11,""HQ"":0.17,""VQ"":0.20}"
2779,02779_stitched.jpg,-0.04,0.01,0.22,0.19,gpt-4.1-mini,baseline,"{""CQ"":-0.04,""AQ"":0.01,""HQ"":0.22,""VQ"":0.19}"
2791,02791_stitched.jpg,-0.06,0.14,-0.16,0.44,gpt-4.1-mini,baseline,"{""CQ"":-0.06,""AQ"":0.14,""HQ"":-0.16,""VQ"":0.44}"
2794,02794_stitched.jpg,0.26,0.17,0.1,0.02,gpt-4.1-mini,baseline,"{""CQ"":0.26,""AQ"":0.17,""HQ"":0.10,""VQ"":0.02}"
2797,02797_stitched.jpg,-0.09,0.04,0.06,-0.01,gpt-4.1-mini,baseline,"{""CQ"":-0.09,""AQ"":0.04,""HQ"":0.06,""VQ"":-0.01}"
2800,02800_stitched.jpg,0.1,0.3,0.15,0.28,gpt-4.1-mini,baseline,"{""CQ"":0.10,""AQ"":0.30,""HQ"":0.15,""VQ"":0.28}"
2804,02804_stitched.jpg,0.13,0.2,0.13,0.02,gpt-4.1-mini,baseline,"{""CQ"":0.13,""AQ"":0.20,""HQ"":0.13,""VQ"":0.02}"
2818,02818_stitched.jpg,0.37,0.24,0.4,-0.04,gpt-4.1-mini,baseline,"{""CQ"":0.37,""AQ"":0.24,""HQ"":0.40,""VQ"":-0.04}"
2826,02826_stitched.jpg,-0.08,-0.35,-0.01,-0.03,gpt-4.1-mini,baseline,"{""CQ"":-0.08,""AQ"":-0.35,""HQ"":-0.01,""VQ"":-0.03}"
2828,02828_stitched.jpg,0.26,-0.01,0.26,-0.01,gpt-4.1-mini,baseline,"{""CQ"":0.26,""AQ"":-0.01,""HQ"":0.26,""VQ"":-0.01}"
2833,02833_stitched.jpg,0.29,0.18,0.17,-0.05,gpt-4.1-mini,baseline,"{""CQ"":0.29,""AQ"":0.18,""HQ"":0.17,""VQ"":-0.05}"
2837,02837_stitched.jpg,-0.21,-0.0,-0.08,0.12,gpt-4.1-mini,baseline,"{""CQ"":-0.21,""AQ"":-0.00,""HQ"":-0.08,""VQ"":0.12}"
2838,02838_stitched.jpg,0.35,0.1,0.06,0.04,gpt-4.1-mini,baseline,"{""CQ"":0.35,""AQ"":0.10,""HQ"":0.06,""VQ"":0.04}"
2844,02844_stitched.jpg,0.53,0.25,0.41,0.04,gpt-4.1-mini,baseline,"{""CQ"":0.53,""AQ"":0.25,""HQ"":0.41,""VQ"":0.04}"
2846,02846_stitched.jpg,-0.08,-0.07,-0.16,0.25,gpt-4.1-mini,baseline,"{""CQ"":-0.08,""AQ"":-0.07,""HQ"":-0.16,""VQ"":0.25}"
2847,02847_stitched.jpg,0.38,0.1,-0.0,-0.03,gpt-4.1-mini,baseline,"{""CQ"":0.38,""AQ"":0.10,""HQ"":-0.00,""VQ"":-0.03}"
2857,02857_stitched.jpg,0.0,-0.01,-0.06,0.17,gpt-4.1-mini,baseline,"{""CQ"":0.00,""AQ"":-0.01,""HQ"":-0.06,""VQ"":0.17}"
2864,02864_stitched.jpg,0.21,0.1,0.06,0.02,gpt-4.1-mini,baseline,"{""CQ"":0.21,""AQ"":0.10,""HQ"":0.06,""VQ"":0.02}"
2874,02874_stitched.jpg,0.37,0.4,0.06,-0.05,gpt-4.1-mini,baseline,"{""CQ"":0.37,""AQ"":0.40,""HQ"":0.06,""VQ"":-0.05}"
2881,02881_stitched.jpg,0.22,0.41,0.13,0.25,gpt-4.1-mini,baseline,"{""CQ"":0.22,""AQ"":0.41,""HQ"":0.13,""VQ"":0.25}"
2884,02884_stitched.jpg,0.05,0.26,0.04,0.34,gpt-4.1-mini,baseline,"{""CQ"":0.05,""AQ"":0.26,""HQ"":0.04,""VQ"":0.34}"
2892,02892_stitched.jpg,0.21,0.37,0.13,0.21,gpt-4.1-mini,baseline,"{""CQ"":0.21,""AQ"":0.37,""HQ"":0.13,""VQ"":0.21}"
2902,02902_stitched.jpg,0.18,-0.1,0.06,-0.07,gpt-4.1-mini,baseline,"{""CQ"":0.18,""AQ"":-0.10,""HQ"":0.06,""VQ"":-0.07}"
2904,02904_stitched.jpg,0.34,-0.05,0.16,0.18,gpt-4.1-mini,baseline,"{""CQ"":0.34,""AQ"":-0.05,""HQ"":0.16,""VQ"":0.18}"
2910,02910_stitched.jpg,0.33,0.02,0.18,0.29,gpt-4.1-mini,baseline,"{""CQ"":0.33,""AQ"":0.02,""HQ"":0.18,""VQ"":0.29}"
2921,02921_stitched.jpg,0.53,0.38,0.15,-0.06,gpt-4.1-mini,baseline,"{""CQ"":0.53,""AQ"":0.38,""HQ"":0.15,""VQ"":-0.06}"
2930,02930_stitched.jpg,-0.05,0.53,-0.24,-0.1,gpt-4.1-mini,baseline,"{""CQ"":-0.05,""AQ"":0.53,""HQ"":-0.24,""VQ"":-0.10}"
2938,02938_stitched.jpg,-0.3,0.01,0.5,0.24,gpt-4.1-mini,baseline,"{""CQ"":-0.30,""AQ"":0.01,""HQ"":0.50,""VQ"":0.24}"
2945,02945_stitched.jpg,0.23,-0.06,-0.08,-0.09,gpt-4.1-mini,baseline,"{""CQ"":0.23,""AQ"":-0.06,""HQ"":-0.08,""VQ"":-0.09}"
2950,02950_stitched.jpg,-0.13,0.28,0.32,0.25,gpt-4.1-mini,baseline,"{""CQ"":-0.13,""AQ"":0.28,""HQ"":0.32,""VQ"":0.25}"
2953,02953_stitched.jpg,0.01,-0.04,0.08,0.08,gpt-4.1-mini,baseline,"{""CQ"":0.01,""AQ"":-0.04,""HQ"":0.08,""VQ"":0.08}"
2955,02955_stitched.jpg,-0.0,-0.0,0.17,0.12,gpt-4.1-mini,baseline,"{""CQ"":-0.00,""AQ"":-0.00,""HQ"":0.17,""VQ"":0.12}"
2967,02967_stitched.jpg,0.31,0.3,0.4,0.01,gpt-4.1-mini,baseline,"{""CQ"":0.31,""AQ"":0.30,""HQ"":0.40,""VQ"":0.01}"
2973,02973_stitched.jpg,0.27,-0.07,0.3,0.01,gpt-4.1-mini,baseline,"{""CQ"":0.27,""AQ"":-0.07,""HQ"":0.30,""VQ"":0.01}"
2977,02977_stitched.jpg,0.24,0.07,-0.08,-0.08,gpt-4.1-mini,baseline,"{""CQ"":0.24,""AQ"":0.07,""HQ"":-0.08,""VQ"":-0.08}"
3016,03016_stitched.jpg,0.09,-0.01,0.09,0.16,gpt-4.1-mini,baseline,"{""CQ"":0.09,""AQ"":-0.01,""HQ"":0.09,""VQ"":0.16}"
3044,03044_stitched.jpg,-0.04,0.11,0.26,0.02,gpt-4.1-mini,baseline,"{""CQ"":-0.04,""AQ"":0.11,""HQ"":0.26,""VQ"":0.02}"
3062,03062_stitched.jpg,0.17,0.09,0.12,0.06,gpt-4.1-mini,baseline,"{""CQ"":0.17,""AQ"":0.09,""HQ"":0.12,""VQ"":0.06}"
3068,03068_stitched.jpg,0.42,0.41,0.14,0.11,gpt-4.1-mini,baseline,"{""CQ"":0.42,""AQ"":0.41,""HQ"":0.14,""VQ"":0.11}"
3091,03091_stitched.jpg,-0.06,0.23,0.2,0.28,gpt-4.1-mini,baseline,"{""CQ"":-0.06,""AQ"":0.23,""HQ"":0.20,""VQ"":0.28}"
3094,03094_stitched.jpg,-0.08,-0.4,-0.15,0.16,gpt-4.1-mini,baseline,"{""CQ"":-0.08,""AQ"":-0.40,""HQ"":-0.15,""VQ"":0.16}"
3103,03103_stitched.jpg,0.25,0.53,-0.12,0.28,gpt-4.1-mini,baseline,"{""CQ"":0.25,""AQ"":0.53,""HQ"":-0.12,""VQ"":0.28}"
3127,03127_stitched.jpg,-0.28,0.58,0.4,0.15,gpt-4.1-mini,baseline,"{""CQ"":-0.28,""AQ"":0.58,""HQ"":0.40,""VQ"":0.15}"
3157,03157_stitched.jpg,0.27,0.32,0.29,-0.13,gpt-4.1-mini,baseline,"{""CQ"":0.27,""AQ"":0.32,""HQ"":0.29,""VQ"":-0.13}"
3159,03159_stitched.jpg,-0.16,-0.04,0.3,0.35,gpt-4.1-mini,baseline,"{""CQ"":-0.16,""AQ"":-0.04,""HQ"":0.30,""VQ"":0.35}"
3163,03163_stitched.jpg,0.23,-0.02,-0.02,-0.04,gpt-4.1-mini,baseline,"{""CQ"":0.23,""AQ"":-0.02,""HQ"":-0.02,""VQ"":-0.04}"
3164,03164_stitched.jpg,-0.09,0.01,-0.07,0.02,gpt-4.1-mini,baseline,"{""CQ"":-0.09,""AQ"":0.01,""HQ"":-0.07,""VQ"":0.02}"
3181,03181_stitched.jpg,0.39,0.14,0.46,-0.0,gpt-4.1-mini,baseline,"{""CQ"":0.39,""AQ"":0.14,""HQ"":0.46,""VQ"":-0.00}"
3183,03183_stitched.jpg,0.16,0.2,0.3,0.02,gpt-4.1-mini,baseline,"{""CQ"":0.16,""AQ"":0.20,""HQ"":0.30,""VQ"":0.02}"
3187,03187_stitched.jpg,-0.05,0.67,0.17,0.19,gpt-4.1-mini,baseline,"{""CQ"":-0.05,""AQ"":0.67,""HQ"":0.17,""VQ"":0.19}"
3188,03188_stitched.jpg,0.53,0.05,0.03,0.27,gpt-4.1-mini,baseline,"{""CQ"":0.53,""AQ"":0.05,""HQ"":0.03,""VQ"":0.27}"
3191,03191_stitched.jpg,0.61,0.42,0.19,-0.02,gpt-4.1-mini,baseline,"{""CQ"":0.61,""AQ"":0.42,""HQ"":0.19,""VQ"":-0.02}"
3201,03201_stitched.jpg,-0.18,0.12,0.16,0.28,gpt-4.1-mini,baseline,"{""CQ"":-0.18,""AQ"":0.12,""HQ"":0.16,""VQ"":0.28}"
3211,03211_stitched.jpg,-0.11,-0.02,0.45,0.26,gpt-4.1-mini,baseline,"{""CQ"":-0.11,""AQ"":-0.02,""HQ"":0.45,""VQ"":0.26}"
3226,03226_stitched.jpg,0.46,0.18,0.12,-0.08,gpt-4.1-mini,baseline,"{""CQ"":0.46,""AQ"":0.18,""HQ"":0.12,""VQ"":-0.08}"
3231,03231_stitched.jpg,0.48,0.28,0.15,0.04,gpt-4.1-mini,baseline,"{""CQ"":0.48,""AQ"":0.28,""HQ"":0.15,""VQ"":0.04}"
3248,03248_stitched.jpg,-0.03,0.04,0.15,0.48,gpt-4.1-mini,baseline,"{""CQ"":-0.03,""AQ"":0.04,""HQ"":0.15,""VQ"":0.48}"
3253,03253_stitched.jpg,0.18,-0.07,-0.03,0.11,gpt-4.1-mini,baseline,"{""CQ"":0.18,""AQ"":-0.07,""HQ"":-0.03,""VQ"":0.11}"
3271,03271_stitched.jpg,0.24,-0.02,0.05,-0.05,gpt-4.1-mini,baseline,"{""CQ"":0.24,""AQ"":-0.02,""HQ"":0.05,""VQ"":-0.05}"
3274,03274_stitched.jpg,0.35,0.31,0.14,0.1,gpt-4.1-mini,baseline,"{""CQ"":0.35,""AQ"":0.31,""HQ"":0.14,""VQ"":0.10}"
3276,03276_stitched.jpg,0.19,0.08,-0.1,-0.24,gpt-4.1-mini,baseline,"{""CQ"":0.19,""AQ"":0.08,""HQ"":-0.10,""VQ"":-0.24}"
3286,03286_stitched.jpg,0.39,-0.23,-0.1,0.05,gpt-4.1-mini,baseline,"{""CQ"":0.39,""AQ"":-0.23,""HQ"":-0.10,""VQ"":0.05}"
3290,03290_stitched.jpg,-0.05,0.2,-0.17,0.2,gpt-4.1-mini,baseline,"{""CQ"":-0.05,""AQ"":0.20,""HQ"":-0.17,""VQ"":0.20}"
3299,03299_stitched.jpg,0.4,-0.14,-0.18,0.02,gpt-4.1-mini,baseline,"{""CQ"":0.40,""AQ"":-0.14,""HQ"":-0.18,""VQ"":0.02}"
3308,03308_stitched.jpg,-0.41,0.05,-0.12,-0.02,gpt-4.1-mini,baseline,"{""CQ"":-0.41,""AQ"":0.05,""HQ"":-0.12,""VQ"":-0.02}"
3322,03322_stitched.jpg,0.18,-0.01,0.14,0.07,gpt-4.1-mini,baseline,"{""CQ"":0.18,""AQ"":-0.01,""HQ"":0.14,""VQ"":0.07}"
3332,03332_stitched.jpg,0.72,0.61,-0.06,-0.03,gpt-4.1-mini,baseline,"{""CQ"":0.72,""AQ"":0.61,""HQ"":-0.06,""VQ"":-0.03}"
3334,03334_stitched.jpg,0.11,0.17,0.23,0.22,gpt-4.1-mini,baseline,"{""CQ"":0.11,""AQ"":0.17,""HQ"":0.23,""VQ"":0.22}"
3340,03340_stitched.jpg,0.17,0.13,0.27,0.1,gpt-4.1-mini,baseline,"{""CQ"":0.17,""AQ"":0.13,""HQ"":0.27,""VQ"":0.10}"
3351,03351_stitched.jpg,0.31,0.03,0.09,0.01,gpt-4.1-mini,baseline,"{""CQ"":0.31,""AQ"":0.03,""HQ"":0.09,""VQ"":0.01}"
3358,03358_stitched.jpg,-0.01,0.39,0.13,0.12,gpt-4.1-mini,baseline,"{""CQ"":-0.01,""AQ"":0.39,""HQ"":0.13,""VQ"":0.12}"
3363,03363_stitched.jpg,0.26,-0.04,0.2,0.29,gpt-4.1-mini,baseline,"{""CQ"":0.26,""AQ"":-0.04,""HQ"":0.20,""VQ"":0.29}"
3385,03385_stitched.jpg,0.22,-0.04,-0.09,0.06,gpt-4.1-mini,baseline,"{""CQ"":0.22,""AQ"":-0.04,""HQ"":-0.09,""VQ"":0.06}"
3387,03387_stitched.jpg,0.23,-0.18,0.33,-0.01,gpt-4.1-mini,baseline,"{""CQ"":0.23,""AQ"":-0.18,""HQ"":0.33,""VQ"":-0.01}"
3398,03398_stitched.jpg,0.24,0.06,0.24,0.15,gpt-4.1-mini,baseline,"{""CQ"":0.24,""AQ"":0.06,""HQ"":0.24,""VQ"":0.15}"
3403,03403_stitched.jpg,0.07,0.26,0.2,0.2,gpt-4.1-mini,baseline,"{""CQ"":0.07,""AQ"":0.26,""HQ"":0.20,""VQ"":0.20}"
3406,03406_stitched.jpg,-0.17,0.57,0.25,0.35,gpt-4.1-mini,baseline,"{""CQ"":-0.17,""AQ"":0.57,""HQ"":0.25,""VQ"":0.35}"
3407,03407_stitched.jpg,0.21,0.42,0.05,0.08,gpt-4.1-mini,baseline,"{""CQ"":0.21,""AQ"":0.42,""HQ"":0.05,""VQ"":0.08}"
3412,03412_stitched.jpg,-0.08,0.22,0.18,0.15,gpt-4.1-mini,baseline,"{""CQ"":-0.08,""AQ"":0.22,""HQ"":0.18,""VQ"":0.15}"
3424,03424_stitched.jpg,0.05,0.28,0.24,0.13,gpt-4.1-mini,baseline,"{""CQ"":0.05,""AQ"":0.28,""HQ"":0.24,""VQ"":0.13}"
3427,03427_stitched.jpg,0.32,0.29,0.1,-0.02,gpt-4.1-mini,baseline,"{""CQ"":0.32,""AQ"":0.29,""HQ"":0.10,""VQ"":-0.02}"
3439,03439_stitched.jpg,0.07,0.2,0.26,0.15,gpt-4.1-mini,baseline,"{""CQ"":0.07,""AQ"":0.20,""HQ"":0.26,""VQ"":0.15}"
3447,03447_stitched.jpg,0.29,0.07,0.02,-0.02,gpt-4.1-mini,baseline,"{""CQ"":0.29,""AQ"":0.07,""HQ"":0.02,""VQ"":-0.02}"
3454,03454_stitched.jpg,0.54,0.53,0.46,-0.05,gpt-4.1-mini,baseline,"{""CQ"":0.54,""AQ"":0.53,""HQ"":0.46,""VQ"":-0.05}"
3458,03458_stitched.jpg,0.06,0.2,0.08,-0.08,gpt-4.1-mini,baseline,"{""CQ"":0.06,""AQ"":0.20,""HQ"":0.08,""VQ"":-0.08}"
3471,03471_stitched.jpg,0.13,-0.0,-0.03,0.1,gpt-4.1-mini,baseline,"{""CQ"":0.13,""AQ"":-0.00,""HQ"":-0.03,""VQ"":0.10}"
3481,03481_stitched.jpg,0.06,0.2,0.28,0.15,gpt-4.1-mini,baseline,"{""CQ"":0.06,""AQ"":0.20,""HQ"":0.28,""VQ"":0.15}"
3491,03491_stitched.jpg,0.31,0.09,0.12,0.15,gpt-4.1-mini,baseline,"{""CQ"":0.31,""AQ"":0.09,""HQ"":0.12,""VQ"":0.15}"
3493,03493_stitched.jpg,-0.14,0.2,0.25,0.19,gpt-4.1-mini,baseline,"{""CQ"":-0.14,""AQ"":0.20,""HQ"":0.25,""VQ"":0.19}"
3494,03494_stitched.jpg,0.09,0.17,0.0,0.08,gpt-4.1-mini,baseline,"{""CQ"":0.09,""AQ"":0.17,""HQ"":0.00,""VQ"":0.08}"
3499,03499_stitched.jpg,0.23,0.02,0.17,0.05,gpt-4.1-mini,baseline,"{""CQ"":0.23,""AQ"":0.02,""HQ"":0.17,""VQ"":0.05}"
3504,03504_stitched.jpg,0.1,0.38,0.05,0.13,gpt-4.1-mini,baseline,"{""CQ"":0.10,""AQ"":0.38,""HQ"":0.05,""VQ"":0.13}"
3506,03506_stitched.jpg,0.27,0.2,0.25,0.15,gpt-4.1-mini,baseline,"{""CQ"":0.27,""AQ"":0.20,""HQ"":0.25,""VQ"":0.15}"
3508,03508_stitched.jpg,0.1,-0.26,0.0,-0.07,gpt-4.1-mini,baseline,"{""CQ"":0.10,""AQ"":-0.26,""HQ"":0.00,""VQ"":-0.07}"
3520,03520_stitched.jpg,0.36,0.24,0.62,0.14,gpt-4.1-mini,baseline,"{""CQ"":0.36,""AQ"":0.24,""HQ"":0.62,""VQ"":0.14}"
3523,03523_stitched.jpg,0.28,0.19,0.18,0.03,gpt-4.1-mini,baseline,"{""CQ"":0.28,""AQ"":0.19,""HQ"":0.18,""VQ"":0.03}"
3526,03526_stitched.jpg,0.04,0.06,0.32,0.08,gpt-4.1-mini,baseline,"{""CQ"":0.04,""AQ"":0.06,""HQ"":0.32,""VQ"":0.08}"
3529,03529_stitched.jpg,0.53,0.06,0.16,-0.01,gpt-4.1-mini,baseline,"{""CQ"":0.53,""AQ"":0.06,""HQ"":0.16,""VQ"":-0.01}"
3530,03530_stitched.jpg,0.5,0.22,0.44,-0.02,gpt-4.1-mini,baseline,"{""CQ"":0.50,""AQ"":0.22,""HQ"":0.44,""VQ"":-0.02}"
3534,03534_stitched.jpg,0.05,-0.05,0.15,-0.07,gpt-4.1-mini,baseline,"{""CQ"":0.05,""AQ"":-0.05,""HQ"":0.15,""VQ"":-0.07}"
3535,03535_stitched.jpg,0.32,0.03,0.14,-0.06,gpt-4.1-mini,baseline,"{""CQ"":0.32,""AQ"":0.03,""HQ"":0.14,""VQ"":-0.06}"
3545,03545_stitched.jpg,0.01,0.67,0.65,0.0,gpt-4.1-mini,baseline,"{""CQ"":0.01,""AQ"":0.67,""HQ"":0.65,""VQ"":0.00}"
3548,03548_stitched.jpg,0.22,0.39,0.23,0.24,gpt-4.1-mini,baseline,"{""CQ"":0.22,""AQ"":0.39,""HQ"":0.23,""VQ"":0.24}"
3551,03551_stitched.jpg,0.24,-0.07,0.07,-0.12,gpt-4.1-mini,baseline,"{""CQ"":0.24,""AQ"":-0.07,""HQ"":0.07,""VQ"":-0.12}"
3554,03554_stitched.jpg,0.18,0.21,0.21,0.0,gpt-4.1-mini,baseline,"{""CQ"":0.18,""AQ"":0.21,""HQ"":0.21,""VQ"":0.00}"
3559,03559_stitched.jpg,-0.07,0.28,0.26,0.07,gpt-4.1-mini,baseline,"{""CQ"":-0.07,""AQ"":0.28,""HQ"":0.26,""VQ"":0.07}"
3603,03603_stitched.jpg,0.43,-0.08,-0.17,-0.06,gpt-4.1-mini,baseline,"{""CQ"":0.43,""AQ"":-0.08,""HQ"":-0.17,""VQ"":-0.06}"
3609,03609_stitched.jpg,0.05,0.77,0.84,0.56,gpt-4.1-mini,baseline,"{""CQ"":0.05,""AQ"":0.77,""HQ"":0.84,""VQ"":0.56}"
3613,03613_stitched.jpg,0.34,0.53,0.31,0.05,gpt-4.1-mini,baseline,"{""CQ"":0.34,""AQ"":0.53,""HQ"":0.31,""VQ"":0.05}"
3614,03614_stitched.jpg,0.25,0.08,0.14,0.08,gpt-4.1-mini,baseline,"{""CQ"":0.25,""AQ"":0.08,""HQ"":0.14,""VQ"":0.08}"
3621,03621_stitched.jpg,0.22,0.49,0.09,0.13,gpt-4.1-mini,baseline,"{""CQ"":0.22,""AQ"":0.49,""HQ"":0.09,""VQ"":0.13}"
3625,03625_stitched.jpg,-0.04,-0.05,0.04,0.15,gpt-4.1-mini,baseline,"{""CQ"":-0.04,""AQ"":-0.05,""HQ"":0.04,""VQ"":0.15}"
3673,03673_stitched.jpg,0.02,0.11,0.11,0.08,gpt-4.1-mini,baseline,"{""CQ"":0.02,""AQ"":0.11,""HQ"":0.11,""VQ"":0.08}"
3676,03676_stitched.jpg,-0.14,-0.06,-0.06,-0.07,gpt-4.1-mini,baseline,"{""CQ"":-0.14,""AQ"":-0.06,""HQ"":-0.06,""VQ"":-0.07}"
3808,03808_stitched.jpg,-0.25,-0.29,0.13,-0.28,gpt-4.1-mini,baseline,"{""CQ"":-0.25,""AQ"":-0.29,""HQ"":0.13,""VQ"":-0.28}"
3816,03816_stitched.jpg,0.05,0.08,0.53,0.45,gpt-4.1-mini,baseline,"{""CQ"":0.05,""AQ"":0.08,""HQ"":0.53,""VQ"":0.45}"
3909,03909_stitched.jpg,-0.03,-0.16,0.03,-0.02,gpt-4.1-mini,baseline,"{""CQ"":-0.03,""AQ"":-0.16,""HQ"":0.03,""VQ"":-0.02}"
3919,03919_stitched.jpg,0.18,-0.03,0.18,-0.01,gpt-4.1-mini,baseline,"{""CQ"":0.18,""AQ"":-0.03,""HQ"":0.18,""VQ"":-0.01}"
3925,03925_stitched.jpg,0.1,0.02,0.1,0.08,gpt-4.1-mini,baseline,"{""CQ"":0.10,""AQ"":0.02,""HQ"":0.10,""VQ"":0.08}"
3933,03933_stitched.jpg,0.02,0.48,0.07,0.12,gpt-4.1-mini,baseline,"{""CQ"":0.02,""AQ"":0.48,""HQ"":0.07,""VQ"":0.12}"
